[{"@type":"dssTask","id":"@1","name":"AD_AccountLoad","description":"","maxLogs":10,"sourceConnectionId":"@0QwRO2VZ1lEbWribUpLjO8","targetConnectionId":"@4Vz6ROxbSPOdbp1T61Qy4d","targetObject":"Account","targetObjectLabel":"Account","operation":"Insert","maxRows":0,"truncateTarget":false,"bulkApiDBTarget":false,"verbose":false,"srcFlatFileAttrs":{"@type":"flatFileAttrs","id":3539641,"delimiter":",","textQualifier":"\"","escapeChar":"","headerLineNo":1,"firstDataRow":2},"targetMetadataUpdated":false,"modelVersion":"V3-R600","queryAll":false,"srcSettings":{"@type":"taskDataSourceSetting","isShowLabels":false,"isNaturalOrder":true},"tgtSettings":{"@type":"taskDataSourceSetting","isShowLabels":true,"isNaturalOrder":true},"cfSettings":{"@type":"taskDataSourceSetting","isShowLabels":false,"isNaturalOrder":false},"bulkApi":false,"bulkApiSerialMode":false,"bulkApiMonitor":false,"isTargetObjectSfCustom":false,"allowNullUpdates":false,"targetBatchSize":200,"assignmentRuleId":"-1","assignmentRuleType":"None","createSuccessFile":false,"bulkApiHardDelete":false,"srcRuntimeAttrs":{"@type":"taskRuntimeAttrs","attrs":{}},"tgtRuntimeAttrs":{"@type":"taskRuntimeAttrs","attrs":{}},"parameterFileEncoding":"UTF-8","sourceObjects":[{"@type":"mObject","name":"Customers.csv","label":"Customers.csv","metadataUpdated":false,"relations":[],"children":[]}],"advancedFilters":[],"filters":[],"fieldMaps":[{"@type":"fieldMap","id":"7846663","targetField":{"@type":"field","id":21808426,"name":"Id","type":"id","uniqueName":"Id","label":"Account ID","parentObject":"Account","pcType":"STRING","precision":18,"scale":0,"columnIndex":0,"isKey":true,"isExternalId":false,"isSfIdLookup":true,"isNullable":false,"isUnique":false,"isCreateable":false,"isUpdateable":false,"isFilterable":true,"isCalculated":false,"showLabel":true,"naturalOrder":0,"linkedFields":[],"relatedInfos":[],"references":[]}},{"@type":"fieldMap","id":"7846666","targetField":{"@type":"field","id":21808429,"name":"IsDeleted","type":"boolean","uniqueName":"IsDeleted","label":"Deleted","parentObject":"Account","pcType":"INT","precision":10,"scale":0,"columnIndex":1,"isKey":false,"isExternalId":false,"isSfIdLookup":false,"isNullable":true,"isUnique":false,"isCreateable":false,"isUpdateable":false,"isFilterable":true,"isCalculated":false,"showLabel":true,"naturalOrder":1,"linkedFields":[],"relatedInfos":[],"references":[]}},{"@type":"fieldMap","id":"7846669","targetField":{"@type":"field","id":21808432,"name":"MasterRecordId","type":"reference","uniqueName":"MasterRecordId","label":"Master Record ID","parentObject":"Account","pcType":"STRING","precision":18,"scale":0,"columnIndex":2,"isKey":false,"isExternalId":false,"isSfIdLookup":false,"isNullable":true,"isUnique":false,"isCreateable":false,"isUpdateable":false,"isFilterable":true,"isCalculated":false,"showLabel":true,"naturalOrder":2,"linkedFields":[],"relatedInfos":[{"@type":"fieldRelatedInfo","id":1387621,"referenceObject":"Account","relationshipName":"MasterRecord","referenceField":{"@type":"field","id":-1,"precision":0,"scale":0,"columnIndex":-1,"isKey":false,"isExternalId":false,"isSfIdLookup":false,"isNullable":true,"isUnique":false,"isCreateable":false,"isUpdateable":true,"isFilterable":true,"isCalculated":false,"showLabel":true,"naturalOrder":0,"linkedFields":[],"relatedInfos":[],"references":[]}}],"references":[]}},{"@type":"fieldMap","id":"7846672","targetField":{"@type":"field","id":21808435,"name":"Name","type":"string","uniqueName":"Name","label":"Account Name","parentObject":"Account","pcType":"STRING","precision":255,"scale":0,"columnIndex":3,"isKey":false,"isExternalId":false,"isSfIdLookup":false,"isNullable":false,"isUnique":false,"isCreateable":true,"isUpdateable":true,"isFilterable":true,"isCalculated":false,"showLabel":true,"naturalOrder":3,"linkedFields":["Name"],"relatedInfos":[],"references":[]},"expression":"Name"},{"@type":"fieldMap","id":"7846675","targetField":{"@type":"field","id":21808438,"name":"Type","type":"picklist","uniqueName":"Type","label":"Account Type","parentObject":"Account","pcType":"STRING","precision":40,"scale":0,"columnIndex":4,"isKey":false,"isExternalId":false,"isSfIdLookup":false,"isNullable":true,"isUnique":false,"isCreateable":true,"isUpdateable":true,"isFilterable":true,"isCalculated":false,"showLabel":true,"naturalOrder":4,"linkedFields":["Customer_Type"],"relatedInfos":[],"references":[]},"expression":"Customer_Type"},{"@type":"fieldMap","id":"7846678","targetField":{"@type":"field","id":21808441,"name":"ParentId","type":"reference","uniqueName":"ParentId","label":"Parent Account ID","parentObject":"Account","pcType":"STRING","precision":18,"scale":0,"columnIndex":5,"isKey":false,"isExternalId":false,"isSfIdLookup":false,"isNullable":true,"isUnique":false,"isCreateable":true,"isUpdateable":true,"isFilterable":true,"isCalculated":false,"showLabel":true,"naturalOrder":5,"linkedFields":[],"relatedInfos":[{"@type":"fieldRelatedInfo","id":1387624,"referenceObject":"Account","relationshipName":"Parent","referenceField":{"@type":"field","id":-1,"precision":0,"scale":0,"columnIndex":-1,"isKey":false,"isExternalId":false,"isSfIdLookup":false,"isNullable":true,"isUnique":false,"isCreateable":false,"isUpdateable":true,"isFilterable":true,"isCalculated":false,"showLabel":true,"naturalOrder":0,"linkedFields":[],"relatedInfos":[],"references":[]}}],"references":[]}},{"@type":"fieldMap","id":"7846681","targetField":{"@type":"field","id":21808444,"name":"BillingStreet","type":"textarea","uniqueName":"BillingStreet","label":"Billing Street","parentObject":"Account","pcType":"STRING","precision":255,"scale":0,"columnIndex":6,"isKey":false,"isExternalId":false,"isSfIdLookup":false,"isNullable":true,"isUnique":false,"isCreateable":true,"isUpdateable":true,"isFilterable":true,"isCalculated":false,"showLabel":true,"naturalOrder":6,"linkedFields":["Street"],"relatedInfos":[],"references":[]},"expression":"Street"},{"@type":"fieldMap","id":"7846684","targetField":{"@type":"field","id":21808447,"name":"BillingCity","type":"string","uniqueName":"BillingCity","label":"Billing City","parentObject":"Account","pcType":"STRING","precision":40,"scale":0,"columnIndex":7,"isKey":false,"isExternalId":false,"isSfIdLookup":false,"isNullable":true,"isUnique":false,"isCreateable":true,"isUpdateable":true,"isFilterable":true,"isCalculated":false,"showLabel":true,"naturalOrder":7,"linkedFields":["City"],"relatedInfos":[],"references":[]},"expression":"City"},{"@type":"fieldMap","id":"7846687","targetField":{"@type":"field","id":21808450,"name":"BillingState","type":"string","uniqueName":"BillingState","label":"Billing State/Province","parentObject":"Account","pcType":"STRING","precision":80,"scale":0,"columnIndex":8,"isKey":false,"isExternalId":false,"isSfIdLookup":false,"isNullable":true,"isUnique":false,"isCreateable":true,"isUpdateable":true,"isFilterable":true,"isCalculated":false,"showLabel":true,"naturalOrder":8,"linkedFields":["State"],"relatedInfos":[],"references":[]},"expression":"State"},{"@type":"fieldMap","id":"7846690","targetField":{"@type":"field","id":21808453,"name":"BillingPostalCode","type":"string","uniqueName":"BillingPostalCode","label":"Billing Zip/Postal Code","parentObject":"Account","pcType":"STRING","precision":20,"scale":0,"columnIndex":9,"isKey":false,"isExternalId":false,"isSfIdLookup":false,"isNullable":true,"isUnique":false,"isCreateable":true,"isUpdateable":true,"isFilterable":true,"isCalculated":false,"showLabel":true,"naturalOrder":9,"linkedFields":["PostalCode"],"relatedInfos":[],"references":[]},"expression":"PostalCode"},{"@type":"fieldMap","id":"7846693","targetField":{"@type":"field","id":21808456,"name":"BillingCountry","type":"string","uniqueName":"BillingCountry","label":"Billing Country","parentObject":"Account","pcType":"STRING","precision":80,"scale":0,"columnIndex":10,"isKey":false,"isExternalId":false,"isSfIdLookup":false,"isNullable":true,"isUnique":false,"isCreateable":true,"isUpdateable":true,"isFilterable":true,"isCalculated":false,"showLabel":true,"naturalOrder":10,"linkedFields":["Country"],"relatedInfos":[],"references":[]},"expression":"Country"},{"@type":"fieldMap","id":"7846696","targetField":{"@type":"field","id":21808459,"name":"BillingLatitude","type":"double","uniqueName":"BillingLatitude","label":"Billing Latitude","parentObject":"Account","pcType":"HIPRECDECIMAL","precision":18,"scale":15,"columnIndex":11,"isKey":false,"isExternalId":false,"isSfIdLookup":false,"isNullable":true,"isUnique":false,"isCreateable":true,"isUpdateable":true,"isFilterable":true,"isCalculated":false,"showLabel":true,"naturalOrder":11,"linkedFields":[],"relatedInfos":[],"references":[]}},{"@type":"fieldMap","id":"7846699","targetField":{"@type":"field","id":21808462,"name":"BillingLongitude","type":"double","uniqueName":"BillingLongitude","label":"Billing Longitude","parentObject":"Account","pcType":"HIPRECDECIMAL","precision":18,"scale":15,"columnIndex":12,"isKey":false,"isExternalId":false,"isSfIdLookup":false,"isNullable":true,"isUnique":false,"isCreateable":true,"isUpdateable":true,"isFilterable":true,"isCalculated":false,"showLabel":true,"naturalOrder":12,"linkedFields":[],"relatedInfos":[],"references":[]}},{"@type":"fieldMap","id":"7846702","targetField":{"@type":"field","id":21808465,"name":"ShippingStreet","type":"textarea","uniqueName":"ShippingStreet","label":"Shipping Street","parentObject":"Account","pcType":"STRING","precision":255,"scale":0,"columnIndex":13,"isKey":false,"isExternalId":false,"isSfIdLookup":false,"isNullable":true,"isUnique":false,"isCreateable":true,"isUpdateable":true,"isFilterable":true,"isCalculated":false,"showLabel":true,"naturalOrder":13,"linkedFields":[],"relatedInfos":[],"references":[]}},{"@type":"fieldMap","id":"7846705","targetField":{"@type":"field","id":21808468,"name":"ShippingCity","type":"string","uniqueName":"ShippingCity","label":"Shipping City","parentObject":"Account","pcType":"STRING","precision":40,"scale":0,"columnIndex":14,"isKey":false,"isExternalId":false,"isSfIdLookup":false,"isNullable":true,"isUnique":false,"isCreateable":true,"isUpdateable":true,"isFilterable":true,"isCalculated":false,"showLabel":true,"naturalOrder":14,"linkedFields":[],"relatedInfos":[],"references":[]}},{"@type":"fieldMap","id":"7846708","targetField":{"@type":"field","id":21808471,"name":"ShippingState","type":"string","uniqueName":"ShippingState","label":"Shipping State/Province","parentObject":"Account","pcType":"STRING","precision":80,"scale":0,"columnIndex":15,"isKey":false,"isExternalId":false,"isSfIdLookup":false,"isNullable":true,"isUnique":false,"isCreateable":true,"isUpdateable":true,"isFilterable":true,"isCalculated":false,"showLabel":true,"naturalOrder":15,"linkedFields":[],"relatedInfos":[],"references":[]}},{"@type":"fieldMap","id":"7846711","targetField":{"@type":"field","id":21808474,"name":"ShippingPostalCode","type":"string","uniqueName":"ShippingPostalCode","label":"Shipping Zip/Postal Code","parentObject":"Account","pcType":"STRING","precision":20,"scale":0,"columnIndex":16,"isKey":false,"isExternalId":false,"isSfIdLookup":false,"isNullable":true,"isUnique":false,"isCreateable":true,"isUpdateable":true,"isFilterable":true,"isCalculated":false,"showLabel":true,"naturalOrder":16,"linkedFields":[],"relatedInfos":[],"references":[]}},{"@type":"fieldMap","id":"7846714","targetField":{"@type":"field","id":21808477,"name":"ShippingCountry","type":"string","uniqueName":"ShippingCountry","label":"Shipping Country","parentObject":"Account","pcType":"STRING","precision":80,"scale":0,"columnIndex":17,"isKey":false,"isExternalId":false,"isSfIdLookup":false,"isNullable":true,"isUnique":false,"isCreateable":true,"isUpdateable":true,"isFilterable":true,"isCalculated":false,"showLabel":true,"naturalOrder":17,"linkedFields":[],"relatedInfos":[],"references":[]}},{"@type":"fieldMap","id":"7846717","targetField":{"@type":"field","id":21808480,"name":"ShippingLatitude","type":"double","uniqueName":"ShippingLatitude","label":"Shipping Latitude","parentObject":"Account","pcType":"HIPRECDECIMAL","precision":18,"scale":15,"columnIndex":18,"isKey":false,"isExternalId":false,"isSfIdLookup":false,"isNullable":true,"isUnique":false,"isCreateable":true,"isUpdateable":true,"isFilterable":true,"isCalculated":false,"showLabel":true,"naturalOrder":18,"linkedFields":[],"relatedInfos":[],"references":[]}},{"@type":"fieldMap","id":"7846720","targetField":{"@type":"field","id":21808483,"name":"ShippingLongitude","type":"double","uniqueName":"ShippingLongitude","label":"Shipping Longitude","parentObject":"Account","pcType":"HIPRECDECIMAL","precision":18,"scale":15,"columnIndex":19,"isKey":false,"isExternalId":false,"isSfIdLookup":false,"isNullable":true,"isUnique":false,"isCreateable":true,"isUpdateable":true,"isFilterable":true,"isCalculated":false,"showLabel":true,"naturalOrder":19,"linkedFields":["PhoneNumber"],"relatedInfos":[],"references":[]},"expression":"PhoneNumber"},{"@type":"fieldMap","id":"7846723","targetField":{"@type":"field","id":21808486,"name":"Phone","type":"phone","uniqueName":"Phone","label":"Account Phone","parentObject":"Account","pcType":"STRING","precision":40,"scale":0,"columnIndex":20,"isKey":false,"isExternalId":false,"isSfIdLookup":false,"isNullable":true,"isUnique":false,"isCreateable":true,"isUpdateable":true,"isFilterable":true,"isCalculated":false,"showLabel":true,"naturalOrder":20,"linkedFields":["PhoneNumber"],"relatedInfos":[],"references":[]},"expression":"PhoneNumber"},{"@type":"fieldMap","id":"7846726","targetField":{"@type":"field","id":21808489,"name":"Website","type":"url","uniqueName":"Website","label":"Website","parentObject":"Account","pcType":"STRING","precision":255,"scale":0,"columnIndex":21,"isKey":false,"isExternalId":false,"isSfIdLookup":false,"isNullable":true,"isUnique":false,"isCreateable":true,"isUpdateable":true,"isFilterable":true,"isCalculated":false,"showLabel":true,"naturalOrder":21,"linkedFields":[],"relatedInfos":[],"references":[]}},{"@type":"fieldMap","id":"7846729","targetField":{"@type":"field","id":21808492,"name":"PhotoUrl","type":"url","uniqueName":"PhotoUrl","label":"Photo URL","parentObject":"Account","pcType":"STRING","precision":255,"scale":0,"columnIndex":22,"isKey":false,"isExternalId":false,"isSfIdLookup":false,"isNullable":true,"isUnique":false,"isCreateable":false,"isUpdateable":false,"isFilterable":true,"isCalculated":false,"showLabel":true,"naturalOrder":22,"linkedFields":[],"relatedInfos":[],"references":[]}},{"@type":"fieldMap","id":"7846732","targetField":{"@type":"field","id":21808495,"name":"Industry","type":"picklist","uniqueName":"Industry","label":"Industry","parentObject":"Account","pcType":"STRING","precision":40,"scale":0,"columnIndex":23,"isKey":false,"isExternalId":false,"isSfIdLookup":false,"isNullable":true,"isUnique":false,"isCreateable":true,"isUpdateable":true,"isFilterable":true,"isCalculated":false,"showLabel":true,"naturalOrder":23,"linkedFields":[],"relatedInfos":[],"references":[]}},{"@type":"fieldMap","id":"7846735","targetField":{"@type":"field","id":21808498,"name":"NumberOfEmployees","type":"int","uniqueName":"NumberOfEmployees","label":"Employees","parentObject":"Account","pcType":"INT","precision":10,"scale":0,"columnIndex":24,"isKey":false,"isExternalId":false,"isSfIdLookup":false,"isNullable":true,"isUnique":false,"isCreateable":true,"isUpdateable":true,"isFilterable":true,"isCalculated":false,"showLabel":true,"naturalOrder":24,"linkedFields":[],"relatedInfos":[],"references":[]}},{"@type":"fieldMap","id":"7846738","targetField":{"@type":"field","id":21808501,"name":"Description","type":"textarea","uniqueName":"Description","label":"Account Description","parentObject":"Account","pcType":"STRING","precision":32000,"scale":0,"columnIndex":25,"isKey":false,"isExternalId":false,"isSfIdLookup":false,"isNullable":true,"isUnique":false,"isCreateable":true,"isUpdateable":true,"isFilterable":false,"isCalculated":false,"showLabel":true,"naturalOrder":25,"linkedFields":[],"relatedInfos":[],"references":[]}},{"@type":"fieldMap","id":"7846741","targetField":{"@type":"field","id":21808504,"name":"OwnerId","type":"reference","uniqueName":"OwnerId","label":"Owner ID","parentObject":"Account","pcType":"STRING","precision":18,"scale":0,"columnIndex":26,"isKey":false,"isExternalId":false,"isSfIdLookup":false,"isNullable":false,"isUnique":false,"isCreateable":true,"isUpdateable":true,"isFilterable":true,"isCalculated":false,"showLabel":true,"naturalOrder":26,"linkedFields":[],"relatedInfos":[{"@type":"fieldRelatedInfo","id":1387627,"referenceObject":"User","relationshipName":"Owner","referenceField":{"@type":"field","id":-1,"precision":0,"scale":0,"columnIndex":-1,"isKey":false,"isExternalId":false,"isSfIdLookup":false,"isNullable":true,"isUnique":false,"isCreateable":false,"isUpdateable":true,"isFilterable":true,"isCalculated":false,"showLabel":true,"naturalOrder":0,"linkedFields":[],"relatedInfos":[],"references":[]}}],"references":[]}},{"@type":"fieldMap","id":"7846744","targetField":{"@type":"field","id":21808507,"name":"CreatedDate","type":"datetime","uniqueName":"CreatedDate","label":"Created Date","parentObject":"Account","pcType":"DATE","precision":24,"scale":0,"columnIndex":27,"isKey":false,"isExternalId":false,"isSfIdLookup":false,"isNullable":true,"isUnique":false,"isCreateable":false,"isUpdateable":false,"isFilterable":true,"isCalculated":false,"showLabel":true,"naturalOrder":27,"linkedFields":[],"relatedInfos":[],"references":[]}},{"@type":"fieldMap","id":"7846747","targetField":{"@type":"field","id":21808510,"name":"CreatedById","type":"reference","uniqueName":"CreatedById","label":"Created By ID","parentObject":"Account","pcType":"STRING","precision":18,"scale":0,"columnIndex":28,"isKey":false,"isExternalId":false,"isSfIdLookup":false,"isNullable":true,"isUnique":false,"isCreateable":false,"isUpdateable":false,"isFilterable":true,"isCalculated":false,"showLabel":true,"naturalOrder":28,"linkedFields":[],"relatedInfos":[{"@type":"fieldRelatedInfo","id":1387630,"referenceObject":"User","relationshipName":"CreatedBy","referenceField":{"@type":"field","id":-1,"precision":0,"scale":0,"columnIndex":-1,"isKey":false,"isExternalId":false,"isSfIdLookup":false,"isNullable":true,"isUnique":false,"isCreateable":false,"isUpdateable":true,"isFilterable":true,"isCalculated":false,"showLabel":true,"naturalOrder":0,"linkedFields":[],"relatedInfos":[],"references":[]}}],"references":[]}},{"@type":"fieldMap","id":"7846750","targetField":{"@type":"field","id":21808513,"name":"LastModifiedDate","type":"datetime","uniqueName":"LastModifiedDate","label":"Last Modified Date","parentObject":"Account","pcType":"DATE","precision":24,"scale":0,"columnIndex":29,"isKey":false,"isExternalId":false,"isSfIdLookup":false,"isNullable":true,"isUnique":false,"isCreateable":false,"isUpdateable":false,"isFilterable":true,"isCalculated":false,"showLabel":true,"naturalOrder":29,"linkedFields":[],"relatedInfos":[],"references":[]}},{"@type":"fieldMap","id":"7846753","targetField":{"@type":"field","id":21808516,"name":"LastModifiedById","type":"reference","uniqueName":"LastModifiedById","label":"Last Modified By ID","parentObject":"Account","pcType":"STRING","precision":18,"scale":0,"columnIndex":30,"isKey":false,"isExternalId":false,"isSfIdLookup":false,"isNullable":true,"isUnique":false,"isCreateable":false,"isUpdateable":false,"isFilterable":true,"isCalculated":false,"showLabel":true,"naturalOrder":30,"linkedFields":[],"relatedInfos":[{"@type":"fieldRelatedInfo","id":1387633,"referenceObject":"User","relationshipName":"LastModifiedBy","referenceField":{"@type":"field","id":-1,"precision":0,"scale":0,"columnIndex":-1,"isKey":false,"isExternalId":false,"isSfIdLookup":false,"isNullable":true,"isUnique":false,"isCreateable":false,"isUpdateable":true,"isFilterable":true,"isCalculated":false,"showLabel":true,"naturalOrder":0,"linkedFields":[],"relatedInfos":[],"references":[]}}],"references":[]}},{"@type":"fieldMap","id":"7846756","targetField":{"@type":"field","id":21808519,"name":"SystemModstamp","type":"datetime","uniqueName":"SystemModstamp","label":"System Modstamp","parentObject":"Account","pcType":"DATE","precision":24,"scale":0,"columnIndex":31,"isKey":false,"isExternalId":false,"isSfIdLookup":false,"isNullable":true,"isUnique":false,"isCreateable":false,"isUpdateable":false,"isFilterable":true,"isCalculated":false,"showLabel":true,"naturalOrder":31,"linkedFields":[],"relatedInfos":[],"references":[]}},{"@type":"fieldMap","id":"7846759","targetField":{"@type":"field","id":21808522,"name":"LastActivityDate","type":"date","uniqueName":"LastActivityDate","label":"Last Activity","parentObject":"Account","pcType":"DATE","precision":10,"scale":0,"columnIndex":32,"isKey":false,"isExternalId":false,"isSfIdLookup":false,"isNullable":true,"isUnique":false,"isCreateable":false,"isUpdateable":false,"isFilterable":true,"isCalculated":false,"showLabel":true,"naturalOrder":32,"linkedFields":[],"relatedInfos":[],"references":[]}},{"@type":"fieldMap","id":"7846762","targetField":{"@type":"field","id":21808525,"name":"LastViewedDate","type":"datetime","uniqueName":"LastViewedDate","label":"Last Viewed Date","parentObject":"Account","pcType":"DATE","precision":24,"scale":0,"columnIndex":33,"isKey":false,"isExternalId":false,"isSfIdLookup":false,"isNullable":true,"isUnique":false,"isCreateable":false,"isUpdateable":false,"isFilterable":true,"isCalculated":false,"showLabel":true,"naturalOrder":33,"linkedFields":[],"relatedInfos":[],"references":[]}},{"@type":"fieldMap","id":"7846765","targetField":{"@type":"field","id":21808528,"name":"LastReferencedDate","type":"datetime","uniqueName":"LastReferencedDate","label":"Last Referenced Date","parentObject":"Account","pcType":"DATE","precision":24,"scale":0,"columnIndex":34,"isKey":false,"isExternalId":false,"isSfIdLookup":false,"isNullable":true,"isUnique":false,"isCreateable":false,"isUpdateable":false,"isFilterable":true,"isCalculated":false,"showLabel":true,"naturalOrder":34,"linkedFields":[],"relatedInfos":[],"references":[]}},{"@type":"fieldMap","id":"7846768","targetField":{"@type":"field","id":21808531,"name":"Jigsaw","type":"string","uniqueName":"Jigsaw","label":"Data.com Key","parentObject":"Account","pcType":"STRING","precision":20,"scale":0,"columnIndex":35,"isKey":false,"isExternalId":false,"isSfIdLookup":false,"isNullable":true,"isUnique":false,"isCreateable":true,"isUpdateable":true,"isFilterable":true,"isCalculated":false,"showLabel":true,"naturalOrder":35,"linkedFields":[],"relatedInfos":[],"references":[]}},{"@type":"fieldMap","id":"7846771","targetField":{"@type":"field","id":21808534,"name":"JigsawCompanyId","type":"string","uniqueName":"JigsawCompanyId","label":"Jigsaw Company ID","parentObject":"Account","pcType":"STRING","precision":20,"scale":0,"columnIndex":36,"isKey":false,"isExternalId":false,"isSfIdLookup":false,"isNullable":true,"isUnique":false,"isCreateable":false,"isUpdateable":false,"isFilterable":true,"isCalculated":false,"showLabel":true,"naturalOrder":36,"linkedFields":[],"relatedInfos":[],"references":[]}},{"@type":"fieldMap","id":"7846774","targetField":{"@type":"field","id":21808537,"name":"AccountSource","type":"picklist","uniqueName":"AccountSource","label":"Account Source","parentObject":"Account","pcType":"STRING","precision":40,"scale":0,"columnIndex":37,"isKey":false,"isExternalId":false,"isSfIdLookup":false,"isNullable":true,"isUnique":false,"isCreateable":true,"isUpdateable":true,"isFilterable":true,"isCalculated":false,"showLabel":true,"naturalOrder":37,"linkedFields":[],"relatedInfos":[],"references":[]}},{"@type":"fieldMap","id":"7846777","targetField":{"@type":"field","id":21808540,"name":"SicDesc","type":"string","uniqueName":"SicDesc","label":"SIC Description","parentObject":"Account","pcType":"STRING","precision":80,"scale":0,"columnIndex":38,"isKey":false,"isExternalId":false,"isSfIdLookup":false,"isNullable":true,"isUnique":false,"isCreateable":true,"isUpdateable":true,"isFilterable":true,"isCalculated":false,"showLabel":true,"naturalOrder":38,"linkedFields":[],"relatedInfos":[],"references":[]}}],"sourceFields":[{"@type":"field","id":21808543,"name":"Name","type":"nstring","uniqueName":"Name","label":"Name","parentObject":"Customers.csv","pcType":"UNISTRING","precision":255,"scale":0,"columnIndex":0,"isKey":false,"isExternalId":false,"isSfIdLookup":false,"isNullable":true,"isUnique":false,"isCreateable":false,"isUpdateable":true,"isFilterable":true,"isCalculated":false,"showLabel":false,"naturalOrder":0,"linkedFields":["Name"],"relatedInfos":[],"references":[]},{"@type":"field","id":21808546,"name":"AreaCode","type":"nstring","uniqueName":"AreaCode","label":"AreaCode","parentObject":"Customers.csv","pcType":"UNISTRING","precision":255,"scale":0,"columnIndex":1,"isKey":false,"isExternalId":false,"isSfIdLookup":false,"isNullable":true,"isUnique":false,"isCreateable":false,"isUpdateable":true,"isFilterable":true,"isCalculated":false,"showLabel":false,"naturalOrder":0,"linkedFields":[],"relatedInfos":[],"references":[]},{"@type":"field","id":21808549,"name":"PhoneNumber","type":"nstring","uniqueName":"PhoneNumber","label":"PhoneNumber","parentObject":"Customers.csv","pcType":"UNISTRING","precision":40,"scale":0,"columnIndex":2,"isKey":false,"isExternalId":false,"isSfIdLookup":false,"isNullable":true,"isUnique":false,"isCreateable":false,"isUpdateable":true,"isFilterable":true,"isCalculated":false,"showLabel":false,"naturalOrder":0,"linkedFields":["ShippingLongitude","Phone"],"relatedInfos":[],"references":[]},{"@type":"field","id":21808552,"name":"Street","type":"nstring","uniqueName":"Street","label":"Street","parentObject":"Customers.csv","pcType":"UNISTRING","precision":255,"scale":0,"columnIndex":3,"isKey":false,"isExternalId":false,"isSfIdLookup":false,"isNullable":true,"isUnique":false,"isCreateable":false,"isUpdateable":true,"isFilterable":true,"isCalculated":false,"showLabel":false,"naturalOrder":0,"linkedFields":["BillingStreet"],"relatedInfos":[],"references":[]},{"@type":"field","id":21808555,"name":"City","type":"nstring","uniqueName":"City","label":"City","parentObject":"Customers.csv","pcType":"UNISTRING","precision":40,"scale":0,"columnIndex":4,"isKey":false,"isExternalId":false,"isSfIdLookup":false,"isNullable":true,"isUnique":false,"isCreateable":false,"isUpdateable":true,"isFilterable":true,"isCalculated":false,"showLabel":false,"naturalOrder":0,"linkedFields":["BillingCity"],"relatedInfos":[],"references":[]},{"@type":"field","id":21808558,"name":"State","type":"nstring","uniqueName":"State","label":"State","parentObject":"Customers.csv","pcType":"UNISTRING","precision":80,"scale":0,"columnIndex":5,"isKey":false,"isExternalId":false,"isSfIdLookup":false,"isNullable":true,"isUnique":false,"isCreateable":false,"isUpdateable":true,"isFilterable":true,"isCalculated":false,"showLabel":false,"naturalOrder":0,"linkedFields":["BillingState"],"relatedInfos":[],"references":[]},{"@type":"field","id":21808561,"name":"PostalCode","type":"nstring","uniqueName":"PostalCode","label":"PostalCode","parentObject":"Customers.csv","pcType":"UNISTRING","precision":20,"scale":0,"columnIndex":6,"isKey":false,"isExternalId":false,"isSfIdLookup":false,"isNullable":true,"isUnique":false,"isCreateable":false,"isUpdateable":true,"isFilterable":true,"isCalculated":false,"showLabel":false,"naturalOrder":0,"linkedFields":["BillingPostalCode"],"relatedInfos":[],"references":[]},{"@type":"field","id":21808564,"name":"Country","type":"nstring","uniqueName":"Country","label":"Country","parentObject":"Customers.csv","pcType":"UNISTRING","precision":80,"scale":0,"columnIndex":7,"isKey":false,"isExternalId":false,"isSfIdLookup":false,"isNullable":true,"isUnique":false,"isCreateable":false,"isUpdateable":true,"isFilterable":true,"isCalculated":false,"showLabel":false,"naturalOrder":0,"linkedFields":["BillingCountry"],"relatedInfos":[],"references":[]},{"@type":"field","id":21808567,"name":"Customer_Type","type":"nstring","uniqueName":"Customer_Type","label":"Customer_Type","parentObject":"Customers.csv","pcType":"UNISTRING","precision":40,"scale":0,"columnIndex":8,"isKey":false,"isExternalId":false,"isSfIdLookup":false,"isNullable":true,"isUnique":false,"isCreateable":false,"isUpdateable":true,"isFilterable":true,"isCalculated":false,"showLabel":false,"naturalOrder":0,"linkedFields":["Type"],"relatedInfos":[],"references":[]}],"sortFields":[],"groupFields":[]}]