[{"@type":"dssTask","id":"@1","name":"FlatFileTest","description":"","maxLogs":10,"sourceConnectionId":"@2k4UoPA3wAigHbHNrSB4UI","targetConnectionId":"@2k4UoPA3wAigHbHNrSB4UI","targetObject":"TargetFile.txt","targetObjectLabel":"TargetFile.txt","operation":"Insert","maxRows":0,"truncateTarget":false,"bulkApiDBTarget":false,"verbose":false,"srcFlatFileAttrs":{"@type":"flatFileAttrs","id":3205636,"delimiter":"\t","textQualifier":"none","escapeChar":"","headerLineNo":1,"firstDataRow":2},"tgtFlatFileAttrs":{"@type":"flatFileAttrs","id":3205639,"delimiter":"\t","textQualifier":"none","escapeChar":"","headerLineNo":1,"firstDataRow":2},"targetMetadataUpdated":false,"modelVersion":"V3-R600","queryAll":false,"srcSettings":{"@type":"taskDataSourceSetting","isShowLabels":false,"isNaturalOrder":true},"tgtSettings":{"@type":"taskDataSourceSetting","isShowLabels":false,"isNaturalOrder":true},"cfSettings":{"@type":"taskDataSourceSetting","isShowLabels":false,"isNaturalOrder":false},"bulkApi":false,"bulkApiSerialMode":false,"bulkApiMonitor":false,"isTargetObjectSfCustom":false,"allowNullUpdates":false,"targetBatchSize":200,"assignmentRuleId":"-1","assignmentRuleType":"None","createSuccessFile":false,"bulkApiHardDelete":false,"srcRuntimeAttrs":{"@type":"taskRuntimeAttrs","attrs":{}},"tgtRuntimeAttrs":{"@type":"taskRuntimeAttrs","attrs":{}},"parameterFileEncoding":"UTF-8","sourceObjects":[{"@type":"mObject","name":"EPAYWMA0715.txt","label":"EPAYWMA0715.txt","metadataUpdated":false,"relations":[],"children":[]}],"advancedFilters":[],"filters":[],"fieldMaps":[{"@type":"fieldMap","id":"6285730","targetField":{"@type":"field","id":18341533,"name":"AA","type":"nstring","uniqueName":"AA","label":"AA","parentObject":"TargetFile.txt","pcType":"UNISTRING","precision":255,"scale":0,"columnIndex":0,"isKey":false,"isExternalId":false,"isSfIdLookup":false,"isNullable":true,"isUnique":false,"isCreateable":false,"isUpdateable":true,"isFilterable":true,"isCalculated":false,"showLabel":false,"naturalOrder":0,"linkedFields":["EMPID"],"relatedInfos":[],"references":[]},"expression":"EMPID"},{"@type":"fieldMap","id":"6285733","targetField":{"@type":"field","id":18341536,"name":"BB","type":"nstring","uniqueName":"BB","label":"BB","parentObject":"TargetFile.txt","pcType":"UNISTRING","precision":255,"scale":0,"columnIndex":1,"isKey":false,"isExternalId":false,"isSfIdLookup":false,"isNullable":true,"isUnique":false,"isCreateable":false,"isUpdateable":true,"isFilterable":true,"isCalculated":false,"showLabel":false,"naturalOrder":0,"linkedFields":["Name"],"relatedInfos":[],"references":[]},"expression":"Name"},{"@type":"fieldMap","id":"6285736","targetField":{"@type":"field","id":18341539,"name":"CC","type":"nstring","uniqueName":"CC","label":"CC","parentObject":"TargetFile.txt","pcType":"UNISTRING","precision":255,"scale":0,"columnIndex":2,"isKey":false,"isExternalId":false,"isSfIdLookup":false,"isNullable":true,"isUnique":false,"isCreateable":false,"isUpdateable":true,"isFilterable":true,"isCalculated":false,"showLabel":false,"naturalOrder":0,"linkedFields":["Dept"],"relatedInfos":[],"references":[]},"expression":"Dept"},{"@type":"fieldMap","id":"6285739","targetField":{"@type":"field","id":18341542,"name":"DD","type":"nstring","uniqueName":"DD","label":"DD","parentObject":"TargetFile.txt","pcType":"UNISTRING","precision":255,"scale":0,"columnIndex":3,"isKey":false,"isExternalId":false,"isSfIdLookup":false,"isNullable":true,"isUnique":false,"isCreateable":false,"isUpdateable":true,"isFilterable":true,"isCalculated":false,"showLabel":false,"naturalOrder":0,"linkedFields":["Salary"],"relatedInfos":[],"references":[]},"expression":"Salary"},{"@type":"fieldMap","id":"6285742","targetField":{"@type":"field","id":18341545,"name":"EE","type":"nstring","uniqueName":"EE","label":"EE","parentObject":"TargetFile.txt","pcType":"UNISTRING","precision":255,"scale":0,"columnIndex":4,"isKey":false,"isExternalId":false,"isSfIdLookup":false,"isNullable":true,"isUnique":false,"isCreateable":false,"isUpdateable":true,"isFilterable":true,"isCalculated":false,"showLabel":false,"naturalOrder":0,"linkedFields":["Location"],"relatedInfos":[],"references":[]},"expression":"Location"},{"@type":"fieldMap","id":"6285745","targetField":{"@type":"field","id":18341548,"name":"FF","type":"nstring","uniqueName":"FF","label":"FF","parentObject":"TargetFile.txt","pcType":"UNISTRING","precision":255,"scale":0,"columnIndex":5,"isKey":false,"isExternalId":false,"isSfIdLookup":false,"isNullable":true,"isUnique":false,"isCreateable":false,"isUpdateable":true,"isFilterable":true,"isCalculated":false,"showLabel":false,"naturalOrder":0,"linkedFields":["Contact"],"relatedInfos":[],"references":[]},"expression":"Contact"},{"@type":"fieldMap","id":"6285748","targetField":{"@type":"field","id":18341551,"name":"GG","type":"nstring","uniqueName":"GG","label":"GG","parentObject":"TargetFile.txt","pcType":"UNISTRING","precision":255,"scale":0,"columnIndex":6,"isKey":false,"isExternalId":false,"isSfIdLookup":false,"isNullable":true,"isUnique":false,"isCreateable":false,"isUpdateable":true,"isFilterable":true,"isCalculated":false,"showLabel":false,"naturalOrder":0,"linkedFields":["EmailID"],"relatedInfos":[],"references":[]},"expression":"EmailID"},{"@type":"fieldMap","id":"6285751","targetField":{"@type":"field","id":18341554,"name":"HH","type":"nstring","uniqueName":"HH","label":"HH","parentObject":"TargetFile.txt","pcType":"UNISTRING","precision":255,"scale":0,"columnIndex":7,"isKey":false,"isExternalId":false,"isSfIdLookup":false,"isNullable":true,"isUnique":false,"isCreateable":false,"isUpdateable":true,"isFilterable":true,"isCalculated":false,"showLabel":false,"naturalOrder":0,"linkedFields":[],"relatedInfos":[],"references":[]}}],"sourceFields":[{"@type":"field","id":18341557,"name":"EMPID","type":"nstring","uniqueName":"EMPID","label":"EMPID","parentObject":"EPAYWMA0715.txt","pcType":"UNISTRING","precision":255,"scale":0,"columnIndex":0,"isKey":false,"isExternalId":false,"isSfIdLookup":false,"isNullable":true,"isUnique":false,"isCreateable":false,"isUpdateable":true,"isFilterable":true,"isCalculated":false,"showLabel":false,"naturalOrder":0,"linkedFields":["AA"],"relatedInfos":[],"references":[]},{"@type":"field","id":18341560,"name":"Name","type":"nstring","uniqueName":"Name","label":"Name","parentObject":"EPAYWMA0715.txt","pcType":"UNISTRING","precision":255,"scale":0,"columnIndex":1,"isKey":false,"isExternalId":false,"isSfIdLookup":false,"isNullable":true,"isUnique":false,"isCreateable":false,"isUpdateable":true,"isFilterable":true,"isCalculated":false,"showLabel":false,"naturalOrder":0,"linkedFields":["BB"],"relatedInfos":[],"references":[]},{"@type":"field","id":18341563,"name":"Dept","type":"nstring","uniqueName":"Dept","label":"Dept","parentObject":"EPAYWMA0715.txt","pcType":"UNISTRING","precision":255,"scale":0,"columnIndex":2,"isKey":false,"isExternalId":false,"isSfIdLookup":false,"isNullable":true,"isUnique":false,"isCreateable":false,"isUpdateable":true,"isFilterable":true,"isCalculated":false,"showLabel":false,"naturalOrder":0,"linkedFields":["CC"],"relatedInfos":[],"references":[]},{"@type":"field","id":18341566,"name":"Salary","type":"nstring","uniqueName":"Salary","label":"Salary","parentObject":"EPAYWMA0715.txt","pcType":"UNISTRING","precision":255,"scale":0,"columnIndex":3,"isKey":false,"isExternalId":false,"isSfIdLookup":false,"isNullable":true,"isUnique":false,"isCreateable":false,"isUpdateable":true,"isFilterable":true,"isCalculated":false,"showLabel":false,"naturalOrder":0,"linkedFields":["DD"],"relatedInfos":[],"references":[]},{"@type":"field","id":18341569,"name":"Location","type":"nstring","uniqueName":"Location","label":"Location","parentObject":"EPAYWMA0715.txt","pcType":"UNISTRING","precision":255,"scale":0,"columnIndex":4,"isKey":false,"isExternalId":false,"isSfIdLookup":false,"isNullable":true,"isUnique":false,"isCreateable":false,"isUpdateable":true,"isFilterable":true,"isCalculated":false,"showLabel":false,"naturalOrder":0,"linkedFields":["EE"],"relatedInfos":[],"references":[]},{"@type":"field","id":18341572,"name":"Contact","type":"nstring","uniqueName":"Contact","label":"Contact","parentObject":"EPAYWMA0715.txt","pcType":"UNISTRING","precision":255,"scale":0,"columnIndex":5,"isKey":false,"isExternalId":false,"isSfIdLookup":false,"isNullable":true,"isUnique":false,"isCreateable":false,"isUpdateable":true,"isFilterable":true,"isCalculated":false,"showLabel":false,"naturalOrder":0,"linkedFields":["FF"],"relatedInfos":[],"references":[]},{"@type":"field","id":18341575,"name":"EmailID","type":"nstring","uniqueName":"EmailID","label":"EmailID","parentObject":"EPAYWMA0715.txt","pcType":"UNISTRING","precision":255,"scale":0,"columnIndex":6,"isKey":false,"isExternalId":false,"isSfIdLookup":false,"isNullable":true,"isUnique":false,"isCreateable":false,"isUpdateable":true,"isFilterable":true,"isCalculated":false,"showLabel":false,"naturalOrder":0,"linkedFields":["GG"],"relatedInfos":[],"references":[]}],"sortFields":[],"groupFields":[]}]