[{"@type":"connection","id":"@1","name":"Sample Salesforce Connection","runtimeEnvironmentId":"@fm5zDCfxvkSiZ4b1B6bMaH","instanceName":"MockConnector","type":"TOOLKIT","port":0,"majorUpdateTime":"2019-08-08T07:09:06.000Z","timeout":60,"connParams":{"agentId":"00800000000001N","Write Folder Location":"temp/0106X50300000000000I/Salesforce","Access Key":"********","agentGroupId":"025000000000002","Master Symmetric Key":"********","Connection Type":"Salesforce","Region Name":"US West(Oregon)","Secret Key":"********","Folder Path":"ics-prod-cloudtrial-bucket","Code Page":"UTF-8","orgId":"0106X5"}}]