[{"@type":"mappingTemplate","id":"@1","name":"Mapping17","description":"","bundleVersion":"0","templateId":"@3","deployTime":1565198779000,"hasParameters":false,"valid":true,"fixedConnection":true,"hasParametersDeployed":false,"fixedConnectionDeployed":true,"tasks":1,"mappingPreviewFileRecordId":"@2","documentType":"","references":[{"@type":"reference","refObjectId":"@astpxaP7ErXcjus3DbqiGe","refType":"connection"},{"@type":"reference","refObjectId":"@2PD4TRRxGagl7Vbxwb9YI1","refType":"connection"}]}]