[{"@type":"dssTask","id":"@1","name":"AWSDynamoDBTOSF","description":"kk123","maxLogs":10,"sourceConnectionId":"@2podbO5Z7sGfnuxCzDWiow","targetConnectionId":"@aAKTQRSaAX1lUB6cl5gxyv","targetObject":"Contacts.csv","operation":"Insert","maxRows":0,"truncateTarget":false,"bulkApiDBTarget":false,"verbose":false,"tgtFlatFileAttrs":{"@type":"flatFileAttrs","id":3222838,"delimiter":",","textQualifier":"\"","escapeChar":"","headerLineNo":1,"firstDataRow":2},"targetMetadataUpdated":false,"modelVersion":"V3-R600","queryAll":false,"srcSettings":{"@type":"taskDataSourceSetting","isShowLabels":true,"isNaturalOrder":true},"tgtSettings":{"@type":"taskDataSourceSetting","isShowLabels":false,"isNaturalOrder":true},"cfSettings":{"@type":"taskDataSourceSetting","isShowLabels":false,"isNaturalOrder":false},"bulkApi":false,"bulkApiSerialMode":false,"bulkApiMonitor":false,"isTargetObjectSfCustom":false,"allowNullUpdates":false,"targetBatchSize":200,"assignmentRuleId":"-1","assignmentRuleType":"None","createSuccessFile":false,"bulkApiHardDelete":false,"srcRuntimeAttrs":{"@type":"taskRuntimeAttrs","attrs":{"Row Count":"100","Read Capacity Unit":"0"}},"tgtRuntimeAttrs":{"@type":"taskRuntimeAttrs","attrs":{}},"parameterFileEncoding":"UTF-8","sourceObjects":[{"@type":"mObject","name":"Contacts","label":"Contacts","metadataUpdated":false,"relations":[],"children":[]}],"advancedFilters":[],"filters":[],"fieldMaps":[{"@type":"fieldMap","id":"6361789","targetField":{"@type":"field","id":18541342,"name":"id","type":"nstring","uniqueName":"id","label":"id","parentObject":"Contacts.csv","pcType":"UNISTRING","precision":350,"scale":0,"columnIndex":0,"isKey":false,"isExternalId":false,"isSfIdLookup":false,"isNullable":true,"isUnique":false,"isCreateable":false,"isUpdateable":true,"isFilterable":true,"isCalculated":false,"showLabel":false,"naturalOrder":0,"linkedFields":["id"],"relatedInfos":[],"references":[]},"expression":"id"},{"@type":"fieldMap","id":"6361792","targetField":{"@type":"field","id":18541345,"name":"age","type":"nstring","uniqueName":"age","label":"age","parentObject":"Contacts.csv","pcType":"UNISTRING","precision":350,"scale":0,"columnIndex":1,"isKey":false,"isExternalId":false,"isSfIdLookup":false,"isNullable":true,"isUnique":false,"isCreateable":false,"isUpdateable":true,"isFilterable":true,"isCalculated":false,"showLabel":false,"naturalOrder":0,"linkedFields":["age"],"relatedInfos":[],"references":[]},"expression":"age"},{"@type":"fieldMap","id":"6361795","targetField":{"@type":"field","id":18541348,"name":"Name","type":"nstring","uniqueName":"Name","label":"Name","parentObject":"Contacts.csv","pcType":"UNISTRING","precision":350,"scale":0,"columnIndex":2,"isKey":false,"isExternalId":false,"isSfIdLookup":false,"isNullable":true,"isUnique":false,"isCreateable":false,"isUpdateable":true,"isFilterable":true,"isCalculated":false,"showLabel":false,"naturalOrder":0,"linkedFields":["Name"],"relatedInfos":[],"references":[]},"expression":"Name"}],"sourceFields":[{"@type":"field","id":18541333,"name":"id","type":"string","uniqueName":"id","label":"id","parentObject":"Contacts","pcType":"NSTRING","precision":350,"scale":0,"columnIndex":-1,"isKey":true,"isExternalId":false,"isSfIdLookup":false,"isNullable":true,"isUnique":false,"isCreateable":false,"isUpdateable":true,"isFilterable":true,"isCalculated":false,"javaType":"java.lang.String","showLabel":true,"naturalOrder":0,"linkedFields":["id"],"relatedInfos":[],"references":[]},{"@type":"field","id":18541336,"name":"age","type":"string","uniqueName":"age","label":"age","parentObject":"Contacts","pcType":"NSTRING","precision":350,"scale":0,"columnIndex":-1,"isKey":false,"isExternalId":false,"isSfIdLookup":false,"isNullable":true,"isUnique":false,"isCreateable":false,"isUpdateable":true,"isFilterable":true,"isCalculated":false,"javaType":"java.lang.String","showLabel":true,"naturalOrder":1,"linkedFields":["age"],"relatedInfos":[],"references":[]},{"@type":"field","id":18541339,"name":"Name","type":"string","uniqueName":"Name","label":"Name","parentObject":"Contacts","pcType":"NSTRING","precision":350,"scale":0,"columnIndex":-1,"isKey":false,"isExternalId":false,"isSfIdLookup":false,"isNullable":true,"isUnique":false,"isCreateable":false,"isUpdateable":true,"isFilterable":true,"isCalculated":false,"javaType":"java.lang.String","showLabel":true,"naturalOrder":2,"linkedFields":["Name"],"relatedInfos":[],"references":[]}],"sortFields":[],"groupFields":[]}]