[{"@type":"dssTask","id":"@1","name":"LTC","description":"abc12345","errorTaskEmail":{"@type":"taskEmail","id":134611,"emails":"kdayam@jhancock.com","emailType":"ERROR"},"maxLogs":10,"sourceConnectionId":"@09STZYZdd4glhsARB2d82u","targetConnectionId":"@5nZ6huTGzeaeluLqcwHDyf","targetObject":"Contact.csv","operation":"Insert","maxRows":0,"truncateTarget":false,"bulkApiDBTarget":false,"verbose":false,"tgtFlatFileAttrs":{"@type":"flatFileAttrs","id":3193663,"delimiter":",","textQualifier":"\"","escapeChar":"","headerLineNo":1,"firstDataRow":2},"targetMetadataUpdated":false,"modelVersion":"V3-R600","queryAll":false,"srcSettings":{"@type":"taskDataSourceSetting","isShowLabels":true,"isNaturalOrder":true},"tgtSettings":{"@type":"taskDataSourceSetting","isShowLabels":false,"isNaturalOrder":false},"cfSettings":{"@type":"taskDataSourceSetting","isShowLabels":false,"isNaturalOrder":true},"bulkApi":false,"bulkApiSerialMode":false,"bulkApiMonitor":false,"isTargetObjectSfCustom":false,"allowNullUpdates":false,"targetBatchSize":200,"assignmentRuleId":"-1","assignmentRuleType":"None","createSuccessFile":false,"bulkApiHardDelete":false,"srcRuntimeAttrs":{"@type":"taskRuntimeAttrs","attrs":{}},"tgtRuntimeAttrs":{"@type":"taskRuntimeAttrs","attrs":{}},"parameterFileEncoding":"UTF-8","sourceObjects":[{"@type":"mObject","name":"Contact","label":"Contact","metadataUpdated":false,"relations":[],"children":[]}],"advancedFilters":[],"filters":[{"@type":"filter","objectName":"Contact","objectLabel":"Contact","field":"ID","fieldLabel":"ID","type":"STRING","operator":"startsWith","value":"12"}],"fieldMaps":[{"@type":"fieldMap","id":"8603725","targetField":{"@type":"field","id":24067327,"name":"ACCOUNTID","type":"nstring","uniqueName":"ACCOUNTID","label":"ACCOUNTID","parentObject":"Contact.csv","pcType":"UNISTRING","precision":256,"scale":0,"columnIndex":0,"isKey":false,"isExternalId":false,"isSfIdLookup":false,"isNullable":true,"isUnique":false,"isCreateable":false,"isUpdateable":true,"isFilterable":true,"isCalculated":false,"showLabel":false,"naturalOrder":0,"linkedFields":["ACCOUNTID"],"relatedInfos":[],"references":[]},"expression":"ACCOUNTID"},{"@type":"fieldMap","id":"8603728","targetField":{"@type":"field","id":24067330,"name":"ASSISTANTNAME","type":"nstring","uniqueName":"ASSISTANTNAME","label":"ASSISTANTNAME","parentObject":"Contact.csv","pcType":"UNISTRING","precision":256,"scale":0,"columnIndex":1,"isKey":false,"isExternalId":false,"isSfIdLookup":false,"isNullable":true,"isUnique":false,"isCreateable":false,"isUpdateable":true,"isFilterable":true,"isCalculated":false,"showLabel":false,"naturalOrder":0,"linkedFields":["ASSISTANTNAME"],"relatedInfos":[],"references":[]},"expression":"ASSISTANTNAME"},{"@type":"fieldMap","id":"8603731","targetField":{"@type":"field","id":24067333,"name":"ASSISTANTPHONE","type":"nstring","uniqueName":"ASSISTANTPHONE","label":"ASSISTANTPHONE","parentObject":"Contact.csv","pcType":"UNISTRING","precision":256,"scale":0,"columnIndex":2,"isKey":false,"isExternalId":false,"isSfIdLookup":false,"isNullable":true,"isUnique":false,"isCreateable":false,"isUpdateable":true,"isFilterable":true,"isCalculated":false,"showLabel":false,"naturalOrder":0,"linkedFields":["ASSISTANTPHONE"],"relatedInfos":[],"references":[]},"expression":"ASSISTANTPHONE"},{"@type":"fieldMap","id":"8603734","targetField":{"@type":"field","id":24067336,"name":"BIRTHDATE","type":"nstring","uniqueName":"BIRTHDATE","label":"BIRTHDATE","parentObject":"Contact.csv","pcType":"UNISTRING","precision":256,"scale":0,"columnIndex":3,"isKey":false,"isExternalId":false,"isSfIdLookup":false,"isNullable":true,"isUnique":false,"isCreateable":false,"isUpdateable":true,"isFilterable":true,"isCalculated":false,"showLabel":false,"naturalOrder":0,"linkedFields":["BIRTHDATE"],"relatedInfos":[],"references":[]},"expression":"BIRTHDATE"},{"@type":"fieldMap","id":"8603737","targetField":{"@type":"field","id":24067339,"name":"CREATEDBYID","type":"nstring","uniqueName":"CREATEDBYID","label":"CREATEDBYID","parentObject":"Contact.csv","pcType":"UNISTRING","precision":256,"scale":0,"columnIndex":4,"isKey":false,"isExternalId":false,"isSfIdLookup":false,"isNullable":true,"isUnique":false,"isCreateable":false,"isUpdateable":true,"isFilterable":true,"isCalculated":false,"showLabel":false,"naturalOrder":0,"linkedFields":["CREATEDBYID"],"relatedInfos":[],"references":[]},"expression":"CREATEDBYID"},{"@type":"fieldMap","id":"8603740","targetField":{"@type":"field","id":24067342,"name":"CREATEDDATE","type":"nstring","uniqueName":"CREATEDDATE","label":"CREATEDDATE","parentObject":"Contact.csv","pcType":"UNISTRING","precision":256,"scale":0,"columnIndex":5,"isKey":false,"isExternalId":false,"isSfIdLookup":false,"isNullable":true,"isUnique":false,"isCreateable":false,"isUpdateable":true,"isFilterable":true,"isCalculated":false,"showLabel":false,"naturalOrder":0,"linkedFields":["CREATEDDATE"],"relatedInfos":[],"references":[]},"expression":"CREATEDDATE"},{"@type":"fieldMap","id":"8603743","targetField":{"@type":"field","id":24067345,"name":"DEPARTMENT","type":"nstring","uniqueName":"DEPARTMENT","label":"DEPARTMENT","parentObject":"Contact.csv","pcType":"UNISTRING","precision":256,"scale":0,"columnIndex":6,"isKey":false,"isExternalId":false,"isSfIdLookup":false,"isNullable":true,"isUnique":false,"isCreateable":false,"isUpdateable":true,"isFilterable":true,"isCalculated":false,"showLabel":false,"naturalOrder":0,"linkedFields":["DEPARTMENT"],"relatedInfos":[],"references":[]},"expression":"DEPARTMENT"},{"@type":"fieldMap","id":"8603746","targetField":{"@type":"field","id":24067348,"name":"DESCRIPTION","type":"nstring","uniqueName":"DESCRIPTION","label":"DESCRIPTION","parentObject":"Contact.csv","pcType":"UNISTRING","precision":256,"scale":0,"columnIndex":7,"isKey":false,"isExternalId":false,"isSfIdLookup":false,"isNullable":true,"isUnique":false,"isCreateable":false,"isUpdateable":true,"isFilterable":true,"isCalculated":false,"showLabel":false,"naturalOrder":0,"linkedFields":["DESCRIPTION"],"relatedInfos":[],"references":[]},"expression":"DESCRIPTION"},{"@type":"fieldMap","id":"8603749","targetField":{"@type":"field","id":24067351,"name":"EMAIL","type":"nstring","uniqueName":"EMAIL","label":"EMAIL","parentObject":"Contact.csv","pcType":"UNISTRING","precision":256,"scale":0,"columnIndex":8,"isKey":false,"isExternalId":false,"isSfIdLookup":false,"isNullable":true,"isUnique":false,"isCreateable":false,"isUpdateable":true,"isFilterable":true,"isCalculated":false,"showLabel":false,"naturalOrder":0,"linkedFields":["EMAIL"],"relatedInfos":[],"references":[]},"expression":"EMAIL"},{"@type":"fieldMap","id":"8603752","targetField":{"@type":"field","id":24067354,"name":"EMAILBOUNCEDDATE","type":"nstring","uniqueName":"EMAILBOUNCEDDATE","label":"EMAILBOUNCEDDATE","parentObject":"Contact.csv","pcType":"UNISTRING","precision":256,"scale":0,"columnIndex":9,"isKey":false,"isExternalId":false,"isSfIdLookup":false,"isNullable":true,"isUnique":false,"isCreateable":false,"isUpdateable":true,"isFilterable":true,"isCalculated":false,"showLabel":false,"naturalOrder":0,"linkedFields":["EMAILBOUNCEDDATE"],"relatedInfos":[],"references":[]},"expression":"EMAILBOUNCEDDATE"},{"@type":"fieldMap","id":"8603755","targetField":{"@type":"field","id":24067357,"name":"EMAILBOUNCEDREASON","type":"nstring","uniqueName":"EMAILBOUNCEDREASON","label":"EMAILBOUNCEDREASON","parentObject":"Contact.csv","pcType":"UNISTRING","precision":256,"scale":0,"columnIndex":10,"isKey":false,"isExternalId":false,"isSfIdLookup":false,"isNullable":true,"isUnique":false,"isCreateable":false,"isUpdateable":true,"isFilterable":true,"isCalculated":false,"showLabel":false,"naturalOrder":0,"linkedFields":["EMAILBOUNCEDREASON"],"relatedInfos":[],"references":[]},"expression":"EMAILBOUNCEDREASON"},{"@type":"fieldMap","id":"8603758","targetField":{"@type":"field","id":24067360,"name":"FAX","type":"nstring","uniqueName":"FAX","label":"FAX","parentObject":"Contact.csv","pcType":"UNISTRING","precision":256,"scale":0,"columnIndex":11,"isKey":false,"isExternalId":false,"isSfIdLookup":false,"isNullable":true,"isUnique":false,"isCreateable":false,"isUpdateable":true,"isFilterable":true,"isCalculated":false,"showLabel":false,"naturalOrder":0,"linkedFields":["FAX"],"relatedInfos":[],"references":[]},"expression":"FAX"},{"@type":"fieldMap","id":"8603761","targetField":{"@type":"field","id":24067363,"name":"FIRSTNAME","type":"nstring","uniqueName":"FIRSTNAME","label":"FIRSTNAME","parentObject":"Contact.csv","pcType":"UNISTRING","precision":256,"scale":0,"columnIndex":12,"isKey":false,"isExternalId":false,"isSfIdLookup":false,"isNullable":true,"isUnique":false,"isCreateable":false,"isUpdateable":true,"isFilterable":true,"isCalculated":false,"showLabel":false,"naturalOrder":0,"linkedFields":["FIRSTNAME"],"relatedInfos":[],"references":[]},"expression":"FIRSTNAME"},{"@type":"fieldMap","id":"8603764","targetField":{"@type":"field","id":24067366,"name":"HOMEPHONE","type":"nstring","uniqueName":"HOMEPHONE","label":"HOMEPHONE","parentObject":"Contact.csv","pcType":"UNISTRING","precision":256,"scale":0,"columnIndex":13,"isKey":false,"isExternalId":false,"isSfIdLookup":false,"isNullable":true,"isUnique":false,"isCreateable":false,"isUpdateable":true,"isFilterable":true,"isCalculated":false,"showLabel":false,"naturalOrder":0,"linkedFields":["HOMEPHONE"],"relatedInfos":[],"references":[]},"expression":"HOMEPHONE"},{"@type":"fieldMap","id":"8603767","targetField":{"@type":"field","id":24067369,"name":"ID","type":"nstring","uniqueName":"ID","label":"ID","parentObject":"Contact.csv","pcType":"UNISTRING","precision":256,"scale":0,"columnIndex":14,"isKey":false,"isExternalId":false,"isSfIdLookup":false,"isNullable":true,"isUnique":false,"isCreateable":false,"isUpdateable":true,"isFilterable":true,"isCalculated":false,"showLabel":false,"naturalOrder":0,"linkedFields":["ID"],"relatedInfos":[],"references":[]},"expression":"ID"},{"@type":"fieldMap","id":"8603770","targetField":{"@type":"field","id":24067372,"name":"ISDELETED","type":"nstring","uniqueName":"ISDELETED","label":"ISDELETED","parentObject":"Contact.csv","pcType":"UNISTRING","precision":256,"scale":0,"columnIndex":15,"isKey":false,"isExternalId":false,"isSfIdLookup":false,"isNullable":true,"isUnique":false,"isCreateable":false,"isUpdateable":true,"isFilterable":true,"isCalculated":false,"showLabel":false,"naturalOrder":0,"linkedFields":["ISDELETED"],"relatedInfos":[],"references":[]},"expression":"ISDELETED"},{"@type":"fieldMap","id":"8603773","targetField":{"@type":"field","id":24067375,"name":"ISEMAILBOUNCED","type":"nstring","uniqueName":"ISEMAILBOUNCED","label":"ISEMAILBOUNCED","parentObject":"Contact.csv","pcType":"UNISTRING","precision":256,"scale":0,"columnIndex":16,"isKey":false,"isExternalId":false,"isSfIdLookup":false,"isNullable":true,"isUnique":false,"isCreateable":false,"isUpdateable":true,"isFilterable":true,"isCalculated":false,"showLabel":false,"naturalOrder":0,"linkedFields":["ISEMAILBOUNCED"],"relatedInfos":[],"references":[]},"expression":"ISEMAILBOUNCED"},{"@type":"fieldMap","id":"8603776","targetField":{"@type":"field","id":24067378,"name":"JIGSAW","type":"nstring","uniqueName":"JIGSAW","label":"JIGSAW","parentObject":"Contact.csv","pcType":"UNISTRING","precision":256,"scale":0,"columnIndex":17,"isKey":false,"isExternalId":false,"isSfIdLookup":false,"isNullable":true,"isUnique":false,"isCreateable":false,"isUpdateable":true,"isFilterable":true,"isCalculated":false,"showLabel":false,"naturalOrder":0,"linkedFields":["JIGSAW"],"relatedInfos":[],"references":[]},"expression":"JIGSAW"},{"@type":"fieldMap","id":"8603779","targetField":{"@type":"field","id":24067381,"name":"JIGSAWCONTACTID","type":"nstring","uniqueName":"JIGSAWCONTACTID","label":"JIGSAWCONTACTID","parentObject":"Contact.csv","pcType":"UNISTRING","precision":256,"scale":0,"columnIndex":18,"isKey":false,"isExternalId":false,"isSfIdLookup":false,"isNullable":true,"isUnique":false,"isCreateable":false,"isUpdateable":true,"isFilterable":true,"isCalculated":false,"showLabel":false,"naturalOrder":0,"linkedFields":["JIGSAWCONTACTID"],"relatedInfos":[],"references":[]},"expression":"JIGSAWCONTACTID"},{"@type":"fieldMap","id":"8603782","targetField":{"@type":"field","id":24067384,"name":"LANGUAGES__C","type":"nstring","uniqueName":"LANGUAGES__C","label":"LANGUAGES__C","parentObject":"Contact.csv","pcType":"UNISTRING","precision":256,"scale":0,"columnIndex":19,"isKey":false,"isExternalId":false,"isSfIdLookup":false,"isNullable":true,"isUnique":false,"isCreateable":false,"isUpdateable":true,"isFilterable":true,"isCalculated":false,"showLabel":false,"naturalOrder":0,"linkedFields":["LANGUAGES__C"],"relatedInfos":[],"references":[]},"expression":"LANGUAGES__C"},{"@type":"fieldMap","id":"8603785","targetField":{"@type":"field","id":24067387,"name":"LASTACTIVITYDATE","type":"nstring","uniqueName":"LASTACTIVITYDATE","label":"LASTACTIVITYDATE","parentObject":"Contact.csv","pcType":"UNISTRING","precision":256,"scale":0,"columnIndex":20,"isKey":false,"isExternalId":false,"isSfIdLookup":false,"isNullable":true,"isUnique":false,"isCreateable":false,"isUpdateable":true,"isFilterable":true,"isCalculated":false,"showLabel":false,"naturalOrder":0,"linkedFields":["LASTACTIVITYDATE"],"relatedInfos":[],"references":[]},"expression":"LASTACTIVITYDATE"},{"@type":"fieldMap","id":"8603788","targetField":{"@type":"field","id":24067390,"name":"LASTCUREQUESTDATE","type":"nstring","uniqueName":"LASTCUREQUESTDATE","label":"LASTCUREQUESTDATE","parentObject":"Contact.csv","pcType":"UNISTRING","precision":256,"scale":0,"columnIndex":21,"isKey":false,"isExternalId":false,"isSfIdLookup":false,"isNullable":true,"isUnique":false,"isCreateable":false,"isUpdateable":true,"isFilterable":true,"isCalculated":false,"showLabel":false,"naturalOrder":0,"linkedFields":["LASTCUREQUESTDATE"],"relatedInfos":[],"references":[]},"expression":"LASTCUREQUESTDATE"},{"@type":"fieldMap","id":"8603791","targetField":{"@type":"field","id":24067393,"name":"LASTCUUPDATEDATE","type":"nstring","uniqueName":"LASTCUUPDATEDATE","label":"LASTCUUPDATEDATE","parentObject":"Contact.csv","pcType":"UNISTRING","precision":256,"scale":0,"columnIndex":22,"isKey":false,"isExternalId":false,"isSfIdLookup":false,"isNullable":true,"isUnique":false,"isCreateable":false,"isUpdateable":true,"isFilterable":true,"isCalculated":false,"showLabel":false,"naturalOrder":0,"linkedFields":["LASTCUUPDATEDATE"],"relatedInfos":[],"references":[]},"expression":"LASTCUUPDATEDATE"},{"@type":"fieldMap","id":"8603794","targetField":{"@type":"field","id":24067396,"name":"LASTMODIFIEDBYID","type":"nstring","uniqueName":"LASTMODIFIEDBYID","label":"LASTMODIFIEDBYID","parentObject":"Contact.csv","pcType":"UNISTRING","precision":256,"scale":0,"columnIndex":23,"isKey":false,"isExternalId":false,"isSfIdLookup":false,"isNullable":true,"isUnique":false,"isCreateable":false,"isUpdateable":true,"isFilterable":true,"isCalculated":false,"showLabel":false,"naturalOrder":0,"linkedFields":["LASTMODIFIEDBYID"],"relatedInfos":[],"references":[]},"expression":"LASTMODIFIEDBYID"},{"@type":"fieldMap","id":"8603797","targetField":{"@type":"field","id":24067399,"name":"LASTMODIFIEDDATE","type":"nstring","uniqueName":"LASTMODIFIEDDATE","label":"LASTMODIFIEDDATE","parentObject":"Contact.csv","pcType":"UNISTRING","precision":256,"scale":0,"columnIndex":24,"isKey":false,"isExternalId":false,"isSfIdLookup":false,"isNullable":true,"isUnique":false,"isCreateable":false,"isUpdateable":true,"isFilterable":true,"isCalculated":false,"showLabel":false,"naturalOrder":0,"linkedFields":["LASTMODIFIEDDATE"],"relatedInfos":[],"references":[]},"expression":"LASTMODIFIEDDATE"},{"@type":"fieldMap","id":"8603800","targetField":{"@type":"field","id":24067402,"name":"LASTNAME","type":"nstring","uniqueName":"LASTNAME","label":"LASTNAME","parentObject":"Contact.csv","pcType":"UNISTRING","precision":256,"scale":0,"columnIndex":25,"isKey":false,"isExternalId":false,"isSfIdLookup":false,"isNullable":true,"isUnique":false,"isCreateable":false,"isUpdateable":true,"isFilterable":true,"isCalculated":false,"showLabel":false,"naturalOrder":0,"linkedFields":["LASTNAME"],"relatedInfos":[],"references":[]},"expression":"LASTNAME"},{"@type":"fieldMap","id":"8603803","targetField":{"@type":"field","id":24067405,"name":"LASTREFERENCEDDATE","type":"nstring","uniqueName":"LASTREFERENCEDDATE","label":"LASTREFERENCEDDATE","parentObject":"Contact.csv","pcType":"UNISTRING","precision":256,"scale":0,"columnIndex":26,"isKey":false,"isExternalId":false,"isSfIdLookup":false,"isNullable":true,"isUnique":false,"isCreateable":false,"isUpdateable":true,"isFilterable":true,"isCalculated":false,"showLabel":false,"naturalOrder":0,"linkedFields":["LASTREFERENCEDDATE"],"relatedInfos":[],"references":[]},"expression":"LASTREFERENCEDDATE"},{"@type":"fieldMap","id":"8603806","targetField":{"@type":"field","id":24067408,"name":"LASTVIEWEDDATE","type":"nstring","uniqueName":"LASTVIEWEDDATE","label":"LASTVIEWEDDATE","parentObject":"Contact.csv","pcType":"UNISTRING","precision":256,"scale":0,"columnIndex":27,"isKey":false,"isExternalId":false,"isSfIdLookup":false,"isNullable":true,"isUnique":false,"isCreateable":false,"isUpdateable":true,"isFilterable":true,"isCalculated":false,"showLabel":false,"naturalOrder":0,"linkedFields":["LASTVIEWEDDATE"],"relatedInfos":[],"references":[]},"expression":"LASTVIEWEDDATE"},{"@type":"fieldMap","id":"8603809","targetField":{"@type":"field","id":24067411,"name":"LEADSOURCE","type":"nstring","uniqueName":"LEADSOURCE","label":"LEADSOURCE","parentObject":"Contact.csv","pcType":"UNISTRING","precision":256,"scale":0,"columnIndex":28,"isKey":false,"isExternalId":false,"isSfIdLookup":false,"isNullable":true,"isUnique":false,"isCreateable":false,"isUpdateable":true,"isFilterable":true,"isCalculated":false,"showLabel":false,"naturalOrder":0,"linkedFields":["LEADSOURCE"],"relatedInfos":[],"references":[]},"expression":"LEADSOURCE"},{"@type":"fieldMap","id":"8603812","targetField":{"@type":"field","id":24067414,"name":"LEVEL__C","type":"nstring","uniqueName":"LEVEL__C","label":"LEVEL__C","parentObject":"Contact.csv","pcType":"UNISTRING","precision":256,"scale":0,"columnIndex":29,"isKey":false,"isExternalId":false,"isSfIdLookup":false,"isNullable":true,"isUnique":false,"isCreateable":false,"isUpdateable":true,"isFilterable":true,"isCalculated":false,"showLabel":false,"naturalOrder":0,"linkedFields":["LEVEL__C"],"relatedInfos":[],"references":[]},"expression":"LEVEL__C"},{"@type":"fieldMap","id":"8603815","targetField":{"@type":"field","id":24067417,"name":"MAILINGADDRESS","type":"nstring","uniqueName":"MAILINGADDRESS","label":"MAILINGADDRESS","parentObject":"Contact.csv","pcType":"UNISTRING","precision":256,"scale":0,"columnIndex":30,"isKey":false,"isExternalId":false,"isSfIdLookup":false,"isNullable":true,"isUnique":false,"isCreateable":false,"isUpdateable":true,"isFilterable":true,"isCalculated":false,"showLabel":false,"naturalOrder":0,"linkedFields":["MAILINGADDRESS"],"relatedInfos":[],"references":[]},"expression":"MAILINGADDRESS"},{"@type":"fieldMap","id":"8603818","targetField":{"@type":"field","id":24067420,"name":"MAILINGCITY","type":"nstring","uniqueName":"MAILINGCITY","label":"MAILINGCITY","parentObject":"Contact.csv","pcType":"UNISTRING","precision":256,"scale":0,"columnIndex":31,"isKey":false,"isExternalId":false,"isSfIdLookup":false,"isNullable":true,"isUnique":false,"isCreateable":false,"isUpdateable":true,"isFilterable":true,"isCalculated":false,"showLabel":false,"naturalOrder":0,"linkedFields":["MAILINGCITY"],"relatedInfos":[],"references":[]},"expression":"MAILINGCITY"},{"@type":"fieldMap","id":"8603821","targetField":{"@type":"field","id":24067423,"name":"MAILINGCOUNTRY","type":"nstring","uniqueName":"MAILINGCOUNTRY","label":"MAILINGCOUNTRY","parentObject":"Contact.csv","pcType":"UNISTRING","precision":256,"scale":0,"columnIndex":32,"isKey":false,"isExternalId":false,"isSfIdLookup":false,"isNullable":true,"isUnique":false,"isCreateable":false,"isUpdateable":true,"isFilterable":true,"isCalculated":false,"showLabel":false,"naturalOrder":0,"linkedFields":["MAILINGCOUNTRY"],"relatedInfos":[],"references":[]},"expression":"MAILINGCOUNTRY"},{"@type":"fieldMap","id":"8603824","targetField":{"@type":"field","id":24067426,"name":"MAILINGGEOCODEACCURACY","type":"nstring","uniqueName":"MAILINGGEOCODEACCURACY","label":"MAILINGGEOCODEACCURACY","parentObject":"Contact.csv","pcType":"UNISTRING","precision":256,"scale":0,"columnIndex":33,"isKey":false,"isExternalId":false,"isSfIdLookup":false,"isNullable":true,"isUnique":false,"isCreateable":false,"isUpdateable":true,"isFilterable":true,"isCalculated":false,"showLabel":false,"naturalOrder":0,"linkedFields":["MAILINGGEOCODEACCURACY"],"relatedInfos":[],"references":[]},"expression":"MAILINGGEOCODEACCURACY"},{"@type":"fieldMap","id":"8603827","targetField":{"@type":"field","id":24067429,"name":"MAILINGLATITUDE","type":"nstring","uniqueName":"MAILINGLATITUDE","label":"MAILINGLATITUDE","parentObject":"Contact.csv","pcType":"UNISTRING","precision":256,"scale":0,"columnIndex":34,"isKey":false,"isExternalId":false,"isSfIdLookup":false,"isNullable":true,"isUnique":false,"isCreateable":false,"isUpdateable":true,"isFilterable":true,"isCalculated":false,"showLabel":false,"naturalOrder":0,"linkedFields":["MAILINGLATITUDE"],"relatedInfos":[],"references":[]},"expression":"MAILINGLATITUDE"},{"@type":"fieldMap","id":"8603830","targetField":{"@type":"field","id":24067432,"name":"MAILINGLONGITUDE","type":"nstring","uniqueName":"MAILINGLONGITUDE","label":"MAILINGLONGITUDE","parentObject":"Contact.csv","pcType":"UNISTRING","precision":256,"scale":0,"columnIndex":35,"isKey":false,"isExternalId":false,"isSfIdLookup":false,"isNullable":true,"isUnique":false,"isCreateable":false,"isUpdateable":true,"isFilterable":true,"isCalculated":false,"showLabel":false,"naturalOrder":0,"linkedFields":["MAILINGLONGITUDE"],"relatedInfos":[],"references":[]},"expression":"MAILINGLONGITUDE"},{"@type":"fieldMap","id":"8603833","targetField":{"@type":"field","id":24067435,"name":"MAILINGPOSTALCODE","type":"nstring","uniqueName":"MAILINGPOSTALCODE","label":"MAILINGPOSTALCODE","parentObject":"Contact.csv","pcType":"UNISTRING","precision":256,"scale":0,"columnIndex":36,"isKey":false,"isExternalId":false,"isSfIdLookup":false,"isNullable":true,"isUnique":false,"isCreateable":false,"isUpdateable":true,"isFilterable":true,"isCalculated":false,"showLabel":false,"naturalOrder":0,"linkedFields":["MAILINGPOSTALCODE"],"relatedInfos":[],"references":[]},"expression":"MAILINGPOSTALCODE"},{"@type":"fieldMap","id":"8603836","targetField":{"@type":"field","id":24067438,"name":"MAILINGSTATE","type":"nstring","uniqueName":"MAILINGSTATE","label":"MAILINGSTATE","parentObject":"Contact.csv","pcType":"UNISTRING","precision":256,"scale":0,"columnIndex":37,"isKey":false,"isExternalId":false,"isSfIdLookup":false,"isNullable":true,"isUnique":false,"isCreateable":false,"isUpdateable":true,"isFilterable":true,"isCalculated":false,"showLabel":false,"naturalOrder":0,"linkedFields":["MAILINGSTATE"],"relatedInfos":[],"references":[]},"expression":"MAILINGSTATE"},{"@type":"fieldMap","id":"8603839","targetField":{"@type":"field","id":24067441,"name":"MAILINGSTREET","type":"nstring","uniqueName":"MAILINGSTREET","label":"MAILINGSTREET","parentObject":"Contact.csv","pcType":"UNISTRING","precision":256,"scale":0,"columnIndex":38,"isKey":false,"isExternalId":false,"isSfIdLookup":false,"isNullable":true,"isUnique":false,"isCreateable":false,"isUpdateable":true,"isFilterable":true,"isCalculated":false,"showLabel":false,"naturalOrder":0,"linkedFields":["MAILINGSTREET"],"relatedInfos":[],"references":[]},"expression":"MAILINGSTREET"},{"@type":"fieldMap","id":"8603842","targetField":{"@type":"field","id":24067444,"name":"MASTERRECORDID","type":"nstring","uniqueName":"MASTERRECORDID","label":"MASTERRECORDID","parentObject":"Contact.csv","pcType":"UNISTRING","precision":256,"scale":0,"columnIndex":39,"isKey":false,"isExternalId":false,"isSfIdLookup":false,"isNullable":true,"isUnique":false,"isCreateable":false,"isUpdateable":true,"isFilterable":true,"isCalculated":false,"showLabel":false,"naturalOrder":0,"linkedFields":["MASTERRECORDID"],"relatedInfos":[],"references":[]},"expression":"MASTERRECORDID"},{"@type":"fieldMap","id":"8603845","targetField":{"@type":"field","id":24067447,"name":"MOBILEPHONE","type":"nstring","uniqueName":"MOBILEPHONE","label":"MOBILEPHONE","parentObject":"Contact.csv","pcType":"UNISTRING","precision":256,"scale":0,"columnIndex":40,"isKey":false,"isExternalId":false,"isSfIdLookup":false,"isNullable":true,"isUnique":false,"isCreateable":false,"isUpdateable":true,"isFilterable":true,"isCalculated":false,"showLabel":false,"naturalOrder":0,"linkedFields":["MOBILEPHONE"],"relatedInfos":[],"references":[]},"expression":"MOBILEPHONE"},{"@type":"fieldMap","id":"8603848","targetField":{"@type":"field","id":24067450,"name":"NAME","type":"nstring","uniqueName":"NAME","label":"NAME","parentObject":"Contact.csv","pcType":"UNISTRING","precision":256,"scale":0,"columnIndex":41,"isKey":false,"isExternalId":false,"isSfIdLookup":false,"isNullable":true,"isUnique":false,"isCreateable":false,"isUpdateable":true,"isFilterable":true,"isCalculated":false,"showLabel":false,"naturalOrder":0,"linkedFields":["NAME"],"relatedInfos":[],"references":[]},"expression":"NAME"},{"@type":"fieldMap","id":"8603851","targetField":{"@type":"field","id":24067453,"name":"OTHERADDRESS","type":"nstring","uniqueName":"OTHERADDRESS","label":"OTHERADDRESS","parentObject":"Contact.csv","pcType":"UNISTRING","precision":256,"scale":0,"columnIndex":42,"isKey":false,"isExternalId":false,"isSfIdLookup":false,"isNullable":true,"isUnique":false,"isCreateable":false,"isUpdateable":true,"isFilterable":true,"isCalculated":false,"showLabel":false,"naturalOrder":0,"linkedFields":["OTHERADDRESS"],"relatedInfos":[],"references":[]},"expression":"OTHERADDRESS"},{"@type":"fieldMap","id":"8603854","targetField":{"@type":"field","id":24067456,"name":"OTHERCITY","type":"nstring","uniqueName":"OTHERCITY","label":"OTHERCITY","parentObject":"Contact.csv","pcType":"UNISTRING","precision":256,"scale":0,"columnIndex":43,"isKey":false,"isExternalId":false,"isSfIdLookup":false,"isNullable":true,"isUnique":false,"isCreateable":false,"isUpdateable":true,"isFilterable":true,"isCalculated":false,"showLabel":false,"naturalOrder":0,"linkedFields":["OTHERCITY"],"relatedInfos":[],"references":[]},"expression":"OTHERCITY"},{"@type":"fieldMap","id":"8603857","targetField":{"@type":"field","id":24067459,"name":"OTHERCOUNTRY","type":"nstring","uniqueName":"OTHERCOUNTRY","label":"OTHERCOUNTRY","parentObject":"Contact.csv","pcType":"UNISTRING","precision":256,"scale":0,"columnIndex":44,"isKey":false,"isExternalId":false,"isSfIdLookup":false,"isNullable":true,"isUnique":false,"isCreateable":false,"isUpdateable":true,"isFilterable":true,"isCalculated":false,"showLabel":false,"naturalOrder":0,"linkedFields":["OTHERCOUNTRY"],"relatedInfos":[],"references":[]},"expression":"OTHERCOUNTRY"},{"@type":"fieldMap","id":"8603860","targetField":{"@type":"field","id":24067462,"name":"OTHERGEOCODEACCURACY","type":"nstring","uniqueName":"OTHERGEOCODEACCURACY","label":"OTHERGEOCODEACCURACY","parentObject":"Contact.csv","pcType":"UNISTRING","precision":256,"scale":0,"columnIndex":45,"isKey":false,"isExternalId":false,"isSfIdLookup":false,"isNullable":true,"isUnique":false,"isCreateable":false,"isUpdateable":true,"isFilterable":true,"isCalculated":false,"showLabel":false,"naturalOrder":0,"linkedFields":["OTHERGEOCODEACCURACY"],"relatedInfos":[],"references":[]},"expression":"OTHERGEOCODEACCURACY"},{"@type":"fieldMap","id":"8603863","targetField":{"@type":"field","id":24067465,"name":"OTHERLATITUDE","type":"nstring","uniqueName":"OTHERLATITUDE","label":"OTHERLATITUDE","parentObject":"Contact.csv","pcType":"UNISTRING","precision":256,"scale":0,"columnIndex":46,"isKey":false,"isExternalId":false,"isSfIdLookup":false,"isNullable":true,"isUnique":false,"isCreateable":false,"isUpdateable":true,"isFilterable":true,"isCalculated":false,"showLabel":false,"naturalOrder":0,"linkedFields":["OTHERLATITUDE"],"relatedInfos":[],"references":[]},"expression":"OTHERLATITUDE"},{"@type":"fieldMap","id":"8603866","targetField":{"@type":"field","id":24067468,"name":"OTHERLONGITUDE","type":"nstring","uniqueName":"OTHERLONGITUDE","label":"OTHERLONGITUDE","parentObject":"Contact.csv","pcType":"UNISTRING","precision":256,"scale":0,"columnIndex":47,"isKey":false,"isExternalId":false,"isSfIdLookup":false,"isNullable":true,"isUnique":false,"isCreateable":false,"isUpdateable":true,"isFilterable":true,"isCalculated":false,"showLabel":false,"naturalOrder":0,"linkedFields":["OTHERLONGITUDE"],"relatedInfos":[],"references":[]},"expression":"OTHERLONGITUDE"},{"@type":"fieldMap","id":"8603869","targetField":{"@type":"field","id":24067471,"name":"OTHERPHONE","type":"nstring","uniqueName":"OTHERPHONE","label":"OTHERPHONE","parentObject":"Contact.csv","pcType":"UNISTRING","precision":256,"scale":0,"columnIndex":48,"isKey":false,"isExternalId":false,"isSfIdLookup":false,"isNullable":true,"isUnique":false,"isCreateable":false,"isUpdateable":true,"isFilterable":true,"isCalculated":false,"showLabel":false,"naturalOrder":0,"linkedFields":["OTHERPHONE"],"relatedInfos":[],"references":[]},"expression":"OTHERPHONE"},{"@type":"fieldMap","id":"8603872","targetField":{"@type":"field","id":24067474,"name":"OTHERPOSTALCODE","type":"nstring","uniqueName":"OTHERPOSTALCODE","label":"OTHERPOSTALCODE","parentObject":"Contact.csv","pcType":"UNISTRING","precision":256,"scale":0,"columnIndex":49,"isKey":false,"isExternalId":false,"isSfIdLookup":false,"isNullable":true,"isUnique":false,"isCreateable":false,"isUpdateable":true,"isFilterable":true,"isCalculated":false,"showLabel":false,"naturalOrder":0,"linkedFields":["OTHERPOSTALCODE"],"relatedInfos":[],"references":[]},"expression":"OTHERPOSTALCODE"},{"@type":"fieldMap","id":"8603875","targetField":{"@type":"field","id":24067477,"name":"OTHERSTATE","type":"nstring","uniqueName":"OTHERSTATE","label":"OTHERSTATE","parentObject":"Contact.csv","pcType":"UNISTRING","precision":256,"scale":0,"columnIndex":50,"isKey":false,"isExternalId":false,"isSfIdLookup":false,"isNullable":true,"isUnique":false,"isCreateable":false,"isUpdateable":true,"isFilterable":true,"isCalculated":false,"showLabel":false,"naturalOrder":0,"linkedFields":["OTHERSTATE"],"relatedInfos":[],"references":[]},"expression":"OTHERSTATE"},{"@type":"fieldMap","id":"8603878","targetField":{"@type":"field","id":24067480,"name":"OTHERSTREET","type":"nstring","uniqueName":"OTHERSTREET","label":"OTHERSTREET","parentObject":"Contact.csv","pcType":"UNISTRING","precision":256,"scale":0,"columnIndex":51,"isKey":false,"isExternalId":false,"isSfIdLookup":false,"isNullable":true,"isUnique":false,"isCreateable":false,"isUpdateable":true,"isFilterable":true,"isCalculated":false,"showLabel":false,"naturalOrder":0,"linkedFields":["OTHERSTREET"],"relatedInfos":[],"references":[]},"expression":"OTHERSTREET"},{"@type":"fieldMap","id":"8603881","targetField":{"@type":"field","id":24067483,"name":"OWNERID","type":"nstring","uniqueName":"OWNERID","label":"OWNERID","parentObject":"Contact.csv","pcType":"UNISTRING","precision":256,"scale":0,"columnIndex":52,"isKey":false,"isExternalId":false,"isSfIdLookup":false,"isNullable":true,"isUnique":false,"isCreateable":false,"isUpdateable":true,"isFilterable":true,"isCalculated":false,"showLabel":false,"naturalOrder":0,"linkedFields":["OWNERID"],"relatedInfos":[],"references":[]},"expression":"OWNERID"},{"@type":"fieldMap","id":"8603884","targetField":{"@type":"field","id":24067486,"name":"PHONE","type":"nstring","uniqueName":"PHONE","label":"PHONE","parentObject":"Contact.csv","pcType":"UNISTRING","precision":256,"scale":0,"columnIndex":53,"isKey":false,"isExternalId":false,"isSfIdLookup":false,"isNullable":true,"isUnique":false,"isCreateable":false,"isUpdateable":true,"isFilterable":true,"isCalculated":false,"showLabel":false,"naturalOrder":0,"linkedFields":["PHONE"],"relatedInfos":[],"references":[]},"expression":"PHONE"},{"@type":"fieldMap","id":"8603887","targetField":{"@type":"field","id":24067489,"name":"PHOTOURL","type":"nstring","uniqueName":"PHOTOURL","label":"PHOTOURL","parentObject":"Contact.csv","pcType":"UNISTRING","precision":256,"scale":0,"columnIndex":54,"isKey":false,"isExternalId":false,"isSfIdLookup":false,"isNullable":true,"isUnique":false,"isCreateable":false,"isUpdateable":true,"isFilterable":true,"isCalculated":false,"showLabel":false,"naturalOrder":0,"linkedFields":["PHOTOURL"],"relatedInfos":[],"references":[]},"expression":"PHOTOURL"},{"@type":"fieldMap","id":"8603890","targetField":{"@type":"field","id":24067492,"name":"REPORTSTOID","type":"nstring","uniqueName":"REPORTSTOID","label":"REPORTSTOID","parentObject":"Contact.csv","pcType":"UNISTRING","precision":256,"scale":0,"columnIndex":55,"isKey":false,"isExternalId":false,"isSfIdLookup":false,"isNullable":true,"isUnique":false,"isCreateable":false,"isUpdateable":true,"isFilterable":true,"isCalculated":false,"showLabel":false,"naturalOrder":0,"linkedFields":["REPORTSTOID"],"relatedInfos":[],"references":[]},"expression":"REPORTSTOID"},{"@type":"fieldMap","id":"8603893","targetField":{"@type":"field","id":24067495,"name":"SALUTATION","type":"nstring","uniqueName":"SALUTATION","label":"SALUTATION","parentObject":"Contact.csv","pcType":"UNISTRING","precision":256,"scale":0,"columnIndex":56,"isKey":false,"isExternalId":false,"isSfIdLookup":false,"isNullable":true,"isUnique":false,"isCreateable":false,"isUpdateable":true,"isFilterable":true,"isCalculated":false,"showLabel":false,"naturalOrder":0,"linkedFields":["SALUTATION"],"relatedInfos":[],"references":[]},"expression":"SALUTATION"},{"@type":"fieldMap","id":"8603896","targetField":{"@type":"field","id":24067498,"name":"SYSTEMMODSTAMP","type":"nstring","uniqueName":"SYSTEMMODSTAMP","label":"SYSTEMMODSTAMP","parentObject":"Contact.csv","pcType":"UNISTRING","precision":256,"scale":0,"columnIndex":57,"isKey":false,"isExternalId":false,"isSfIdLookup":false,"isNullable":true,"isUnique":false,"isCreateable":false,"isUpdateable":true,"isFilterable":true,"isCalculated":false,"showLabel":false,"naturalOrder":0,"linkedFields":["SYSTEMMODSTAMP"],"relatedInfos":[],"references":[]},"expression":"SYSTEMMODSTAMP"},{"@type":"fieldMap","id":"8603899","targetField":{"@type":"field","id":24067501,"name":"TITLE","type":"nstring","uniqueName":"TITLE","label":"TITLE","parentObject":"Contact.csv","pcType":"UNISTRING","precision":256,"scale":0,"columnIndex":58,"isKey":false,"isExternalId":false,"isSfIdLookup":false,"isNullable":true,"isUnique":false,"isCreateable":false,"isUpdateable":true,"isFilterable":true,"isCalculated":false,"showLabel":false,"naturalOrder":0,"linkedFields":["TITLE"],"relatedInfos":[],"references":[]},"expression":"TITLE"}],"sourceFields":[{"@type":"field","id":18266581,"name":"ID","type":"string","uniqueName":"ID","label":"ID","parentObject":"Contact","pcType":"NSTRING","precision":256,"scale":0,"columnIndex":-1,"isKey":false,"isExternalId":false,"isSfIdLookup":false,"isNullable":true,"isUnique":false,"isCreateable":false,"isUpdateable":true,"isFilterable":true,"isCalculated":false,"javaType":"java.lang.String","showLabel":true,"naturalOrder":0,"linkedFields":["ID"],"relatedInfos":[],"references":[]},{"@type":"field","id":18266584,"name":"ISDELETED","type":"string","uniqueName":"ISDELETED","label":"ISDELETED","parentObject":"Contact","pcType":"NSTRING","precision":256,"scale":0,"columnIndex":-1,"isKey":false,"isExternalId":false,"isSfIdLookup":false,"isNullable":true,"isUnique":false,"isCreateable":false,"isUpdateable":true,"isFilterable":true,"isCalculated":false,"javaType":"java.lang.String","showLabel":true,"naturalOrder":1,"linkedFields":["ISDELETED"],"relatedInfos":[],"references":[]},{"@type":"field","id":18266587,"name":"MASTERRECORDID","type":"string","uniqueName":"MASTERRECORDID","label":"MASTERRECORDID","parentObject":"Contact","pcType":"NSTRING","precision":256,"scale":0,"columnIndex":-1,"isKey":false,"isExternalId":false,"isSfIdLookup":false,"isNullable":true,"isUnique":false,"isCreateable":false,"isUpdateable":true,"isFilterable":true,"isCalculated":false,"javaType":"java.lang.String","showLabel":true,"naturalOrder":2,"linkedFields":["MASTERRECORDID"],"relatedInfos":[],"references":[]},{"@type":"field","id":18266590,"name":"ACCOUNTID","type":"string","uniqueName":"ACCOUNTID","label":"ACCOUNTID","parentObject":"Contact","pcType":"NSTRING","precision":256,"scale":0,"columnIndex":-1,"isKey":false,"isExternalId":false,"isSfIdLookup":false,"isNullable":true,"isUnique":false,"isCreateable":false,"isUpdateable":true,"isFilterable":true,"isCalculated":false,"javaType":"java.lang.String","showLabel":true,"naturalOrder":3,"linkedFields":["ACCOUNTID"],"relatedInfos":[],"references":[]},{"@type":"field","id":18266593,"name":"LASTNAME","type":"string","uniqueName":"LASTNAME","label":"LASTNAME","parentObject":"Contact","pcType":"NSTRING","precision":256,"scale":0,"columnIndex":-1,"isKey":false,"isExternalId":false,"isSfIdLookup":false,"isNullable":true,"isUnique":false,"isCreateable":false,"isUpdateable":true,"isFilterable":true,"isCalculated":false,"javaType":"java.lang.String","showLabel":true,"naturalOrder":4,"linkedFields":["LASTNAME"],"relatedInfos":[],"references":[]},{"@type":"field","id":18266596,"name":"FIRSTNAME","type":"string","uniqueName":"FIRSTNAME","label":"FIRSTNAME","parentObject":"Contact","pcType":"NSTRING","precision":256,"scale":0,"columnIndex":-1,"isKey":false,"isExternalId":false,"isSfIdLookup":false,"isNullable":true,"isUnique":false,"isCreateable":false,"isUpdateable":true,"isFilterable":true,"isCalculated":false,"javaType":"java.lang.String","showLabel":true,"naturalOrder":5,"linkedFields":["FIRSTNAME"],"relatedInfos":[],"references":[]},{"@type":"field","id":18266599,"name":"SALUTATION","type":"string","uniqueName":"SALUTATION","label":"SALUTATION","parentObject":"Contact","pcType":"NSTRING","precision":256,"scale":0,"columnIndex":-1,"isKey":false,"isExternalId":false,"isSfIdLookup":false,"isNullable":true,"isUnique":false,"isCreateable":false,"isUpdateable":true,"isFilterable":true,"isCalculated":false,"javaType":"java.lang.String","showLabel":true,"naturalOrder":6,"linkedFields":["SALUTATION"],"relatedInfos":[],"references":[]},{"@type":"field","id":18266602,"name":"NAME","type":"string","uniqueName":"NAME","label":"NAME","parentObject":"Contact","pcType":"NSTRING","precision":256,"scale":0,"columnIndex":-1,"isKey":false,"isExternalId":false,"isSfIdLookup":false,"isNullable":true,"isUnique":false,"isCreateable":false,"isUpdateable":true,"isFilterable":true,"isCalculated":false,"javaType":"java.lang.String","showLabel":true,"naturalOrder":7,"linkedFields":["NAME"],"relatedInfos":[],"references":[]},{"@type":"field","id":18266605,"name":"OTHERSTREET","type":"string","uniqueName":"OTHERSTREET","label":"OTHERSTREET","parentObject":"Contact","pcType":"NSTRING","precision":256,"scale":0,"columnIndex":-1,"isKey":false,"isExternalId":false,"isSfIdLookup":false,"isNullable":true,"isUnique":false,"isCreateable":false,"isUpdateable":true,"isFilterable":true,"isCalculated":false,"javaType":"java.lang.String","showLabel":true,"naturalOrder":8,"linkedFields":["OTHERSTREET"],"relatedInfos":[],"references":[]},{"@type":"field","id":18266608,"name":"OTHERCITY","type":"string","uniqueName":"OTHERCITY","label":"OTHERCITY","parentObject":"Contact","pcType":"NSTRING","precision":256,"scale":0,"columnIndex":-1,"isKey":false,"isExternalId":false,"isSfIdLookup":false,"isNullable":true,"isUnique":false,"isCreateable":false,"isUpdateable":true,"isFilterable":true,"isCalculated":false,"javaType":"java.lang.String","showLabel":true,"naturalOrder":9,"linkedFields":["OTHERCITY"],"relatedInfos":[],"references":[]},{"@type":"field","id":18266611,"name":"OTHERSTATE","type":"string","uniqueName":"OTHERSTATE","label":"OTHERSTATE","parentObject":"Contact","pcType":"NSTRING","precision":256,"scale":0,"columnIndex":-1,"isKey":false,"isExternalId":false,"isSfIdLookup":false,"isNullable":true,"isUnique":false,"isCreateable":false,"isUpdateable":true,"isFilterable":true,"isCalculated":false,"javaType":"java.lang.String","showLabel":true,"naturalOrder":10,"linkedFields":["OTHERSTATE"],"relatedInfos":[],"references":[]},{"@type":"field","id":18266614,"name":"OTHERPOSTALCODE","type":"string","uniqueName":"OTHERPOSTALCODE","label":"OTHERPOSTALCODE","parentObject":"Contact","pcType":"NSTRING","precision":256,"scale":0,"columnIndex":-1,"isKey":false,"isExternalId":false,"isSfIdLookup":false,"isNullable":true,"isUnique":false,"isCreateable":false,"isUpdateable":true,"isFilterable":true,"isCalculated":false,"javaType":"java.lang.String","showLabel":true,"naturalOrder":11,"linkedFields":["OTHERPOSTALCODE"],"relatedInfos":[],"references":[]},{"@type":"field","id":18266617,"name":"OTHERCOUNTRY","type":"string","uniqueName":"OTHERCOUNTRY","label":"OTHERCOUNTRY","parentObject":"Contact","pcType":"NSTRING","precision":256,"scale":0,"columnIndex":-1,"isKey":false,"isExternalId":false,"isSfIdLookup":false,"isNullable":true,"isUnique":false,"isCreateable":false,"isUpdateable":true,"isFilterable":true,"isCalculated":false,"javaType":"java.lang.String","showLabel":true,"naturalOrder":12,"linkedFields":["OTHERCOUNTRY"],"relatedInfos":[],"references":[]},{"@type":"field","id":18266620,"name":"OTHERLATITUDE","type":"string","uniqueName":"OTHERLATITUDE","label":"OTHERLATITUDE","parentObject":"Contact","pcType":"NSTRING","precision":256,"scale":0,"columnIndex":-1,"isKey":false,"isExternalId":false,"isSfIdLookup":false,"isNullable":true,"isUnique":false,"isCreateable":false,"isUpdateable":true,"isFilterable":true,"isCalculated":false,"javaType":"java.lang.String","showLabel":true,"naturalOrder":13,"linkedFields":["OTHERLATITUDE"],"relatedInfos":[],"references":[]},{"@type":"field","id":18266623,"name":"OTHERLONGITUDE","type":"string","uniqueName":"OTHERLONGITUDE","label":"OTHERLONGITUDE","parentObject":"Contact","pcType":"NSTRING","precision":256,"scale":0,"columnIndex":-1,"isKey":false,"isExternalId":false,"isSfIdLookup":false,"isNullable":true,"isUnique":false,"isCreateable":false,"isUpdateable":true,"isFilterable":true,"isCalculated":false,"javaType":"java.lang.String","showLabel":true,"naturalOrder":14,"linkedFields":["OTHERLONGITUDE"],"relatedInfos":[],"references":[]},{"@type":"field","id":18266626,"name":"OTHERGEOCODEACCURACY","type":"string","uniqueName":"OTHERGEOCODEACCURACY","label":"OTHERGEOCODEACCURACY","parentObject":"Contact","pcType":"NSTRING","precision":256,"scale":0,"columnIndex":-1,"isKey":false,"isExternalId":false,"isSfIdLookup":false,"isNullable":true,"isUnique":false,"isCreateable":false,"isUpdateable":true,"isFilterable":true,"isCalculated":false,"javaType":"java.lang.String","showLabel":true,"naturalOrder":15,"linkedFields":["OTHERGEOCODEACCURACY"],"relatedInfos":[],"references":[]},{"@type":"field","id":18266629,"name":"OTHERADDRESS","type":"string","uniqueName":"OTHERADDRESS","label":"OTHERADDRESS","parentObject":"Contact","pcType":"NSTRING","precision":256,"scale":0,"columnIndex":-1,"isKey":false,"isExternalId":false,"isSfIdLookup":false,"isNullable":true,"isUnique":false,"isCreateable":false,"isUpdateable":true,"isFilterable":true,"isCalculated":false,"javaType":"java.lang.String","showLabel":true,"naturalOrder":16,"linkedFields":["OTHERADDRESS"],"relatedInfos":[],"references":[]},{"@type":"field","id":18266632,"name":"MAILINGSTREET","type":"string","uniqueName":"MAILINGSTREET","label":"MAILINGSTREET","parentObject":"Contact","pcType":"NSTRING","precision":256,"scale":0,"columnIndex":-1,"isKey":false,"isExternalId":false,"isSfIdLookup":false,"isNullable":true,"isUnique":false,"isCreateable":false,"isUpdateable":true,"isFilterable":true,"isCalculated":false,"javaType":"java.lang.String","showLabel":true,"naturalOrder":17,"linkedFields":["MAILINGSTREET"],"relatedInfos":[],"references":[]},{"@type":"field","id":18266635,"name":"MAILINGCITY","type":"string","uniqueName":"MAILINGCITY","label":"MAILINGCITY","parentObject":"Contact","pcType":"NSTRING","precision":256,"scale":0,"columnIndex":-1,"isKey":false,"isExternalId":false,"isSfIdLookup":false,"isNullable":true,"isUnique":false,"isCreateable":false,"isUpdateable":true,"isFilterable":true,"isCalculated":false,"javaType":"java.lang.String","showLabel":true,"naturalOrder":18,"linkedFields":["MAILINGCITY"],"relatedInfos":[],"references":[]},{"@type":"field","id":18266638,"name":"MAILINGSTATE","type":"string","uniqueName":"MAILINGSTATE","label":"MAILINGSTATE","parentObject":"Contact","pcType":"NSTRING","precision":256,"scale":0,"columnIndex":-1,"isKey":false,"isExternalId":false,"isSfIdLookup":false,"isNullable":true,"isUnique":false,"isCreateable":false,"isUpdateable":true,"isFilterable":true,"isCalculated":false,"javaType":"java.lang.String","showLabel":true,"naturalOrder":19,"linkedFields":["MAILINGSTATE"],"relatedInfos":[],"references":[]},{"@type":"field","id":18266641,"name":"MAILINGPOSTALCODE","type":"string","uniqueName":"MAILINGPOSTALCODE","label":"MAILINGPOSTALCODE","parentObject":"Contact","pcType":"NSTRING","precision":256,"scale":0,"columnIndex":-1,"isKey":false,"isExternalId":false,"isSfIdLookup":false,"isNullable":true,"isUnique":false,"isCreateable":false,"isUpdateable":true,"isFilterable":true,"isCalculated":false,"javaType":"java.lang.String","showLabel":true,"naturalOrder":20,"linkedFields":["MAILINGPOSTALCODE"],"relatedInfos":[],"references":[]},{"@type":"field","id":18266644,"name":"MAILINGCOUNTRY","type":"string","uniqueName":"MAILINGCOUNTRY","label":"MAILINGCOUNTRY","parentObject":"Contact","pcType":"NSTRING","precision":256,"scale":0,"columnIndex":-1,"isKey":false,"isExternalId":false,"isSfIdLookup":false,"isNullable":true,"isUnique":false,"isCreateable":false,"isUpdateable":true,"isFilterable":true,"isCalculated":false,"javaType":"java.lang.String","showLabel":true,"naturalOrder":21,"linkedFields":["MAILINGCOUNTRY"],"relatedInfos":[],"references":[]},{"@type":"field","id":18266647,"name":"MAILINGLATITUDE","type":"string","uniqueName":"MAILINGLATITUDE","label":"MAILINGLATITUDE","parentObject":"Contact","pcType":"NSTRING","precision":256,"scale":0,"columnIndex":-1,"isKey":false,"isExternalId":false,"isSfIdLookup":false,"isNullable":true,"isUnique":false,"isCreateable":false,"isUpdateable":true,"isFilterable":true,"isCalculated":false,"javaType":"java.lang.String","showLabel":true,"naturalOrder":22,"linkedFields":["MAILINGLATITUDE"],"relatedInfos":[],"references":[]},{"@type":"field","id":18266650,"name":"MAILINGLONGITUDE","type":"string","uniqueName":"MAILINGLONGITUDE","label":"MAILINGLONGITUDE","parentObject":"Contact","pcType":"NSTRING","precision":256,"scale":0,"columnIndex":-1,"isKey":false,"isExternalId":false,"isSfIdLookup":false,"isNullable":true,"isUnique":false,"isCreateable":false,"isUpdateable":true,"isFilterable":true,"isCalculated":false,"javaType":"java.lang.String","showLabel":true,"naturalOrder":23,"linkedFields":["MAILINGLONGITUDE"],"relatedInfos":[],"references":[]},{"@type":"field","id":18266653,"name":"MAILINGGEOCODEACCURACY","type":"string","uniqueName":"MAILINGGEOCODEACCURACY","label":"MAILINGGEOCODEACCURACY","parentObject":"Contact","pcType":"NSTRING","precision":256,"scale":0,"columnIndex":-1,"isKey":false,"isExternalId":false,"isSfIdLookup":false,"isNullable":true,"isUnique":false,"isCreateable":false,"isUpdateable":true,"isFilterable":true,"isCalculated":false,"javaType":"java.lang.String","showLabel":true,"naturalOrder":24,"linkedFields":["MAILINGGEOCODEACCURACY"],"relatedInfos":[],"references":[]},{"@type":"field","id":18266656,"name":"MAILINGADDRESS","type":"string","uniqueName":"MAILINGADDRESS","label":"MAILINGADDRESS","parentObject":"Contact","pcType":"NSTRING","precision":256,"scale":0,"columnIndex":-1,"isKey":false,"isExternalId":false,"isSfIdLookup":false,"isNullable":true,"isUnique":false,"isCreateable":false,"isUpdateable":true,"isFilterable":true,"isCalculated":false,"javaType":"java.lang.String","showLabel":true,"naturalOrder":25,"linkedFields":["MAILINGADDRESS"],"relatedInfos":[],"references":[]},{"@type":"field","id":18266659,"name":"PHONE","type":"string","uniqueName":"PHONE","label":"PHONE","parentObject":"Contact","pcType":"NSTRING","precision":256,"scale":0,"columnIndex":-1,"isKey":false,"isExternalId":false,"isSfIdLookup":false,"isNullable":true,"isUnique":false,"isCreateable":false,"isUpdateable":true,"isFilterable":true,"isCalculated":false,"javaType":"java.lang.String","showLabel":true,"naturalOrder":26,"linkedFields":["PHONE"],"relatedInfos":[],"references":[]},{"@type":"field","id":18266662,"name":"FAX","type":"string","uniqueName":"FAX","label":"FAX","parentObject":"Contact","pcType":"NSTRING","precision":256,"scale":0,"columnIndex":-1,"isKey":false,"isExternalId":false,"isSfIdLookup":false,"isNullable":true,"isUnique":false,"isCreateable":false,"isUpdateable":true,"isFilterable":true,"isCalculated":false,"javaType":"java.lang.String","showLabel":true,"naturalOrder":27,"linkedFields":["FAX"],"relatedInfos":[],"references":[]},{"@type":"field","id":18266665,"name":"MOBILEPHONE","type":"string","uniqueName":"MOBILEPHONE","label":"MOBILEPHONE","parentObject":"Contact","pcType":"NSTRING","precision":256,"scale":0,"columnIndex":-1,"isKey":false,"isExternalId":false,"isSfIdLookup":false,"isNullable":true,"isUnique":false,"isCreateable":false,"isUpdateable":true,"isFilterable":true,"isCalculated":false,"javaType":"java.lang.String","showLabel":true,"naturalOrder":28,"linkedFields":["MOBILEPHONE"],"relatedInfos":[],"references":[]},{"@type":"field","id":18266668,"name":"HOMEPHONE","type":"string","uniqueName":"HOMEPHONE","label":"HOMEPHONE","parentObject":"Contact","pcType":"NSTRING","precision":256,"scale":0,"columnIndex":-1,"isKey":false,"isExternalId":false,"isSfIdLookup":false,"isNullable":true,"isUnique":false,"isCreateable":false,"isUpdateable":true,"isFilterable":true,"isCalculated":false,"javaType":"java.lang.String","showLabel":true,"naturalOrder":29,"linkedFields":["HOMEPHONE"],"relatedInfos":[],"references":[]},{"@type":"field","id":18266671,"name":"OTHERPHONE","type":"string","uniqueName":"OTHERPHONE","label":"OTHERPHONE","parentObject":"Contact","pcType":"NSTRING","precision":256,"scale":0,"columnIndex":-1,"isKey":false,"isExternalId":false,"isSfIdLookup":false,"isNullable":true,"isUnique":false,"isCreateable":false,"isUpdateable":true,"isFilterable":true,"isCalculated":false,"javaType":"java.lang.String","showLabel":true,"naturalOrder":30,"linkedFields":["OTHERPHONE"],"relatedInfos":[],"references":[]},{"@type":"field","id":18266674,"name":"ASSISTANTPHONE","type":"string","uniqueName":"ASSISTANTPHONE","label":"ASSISTANTPHONE","parentObject":"Contact","pcType":"NSTRING","precision":256,"scale":0,"columnIndex":-1,"isKey":false,"isExternalId":false,"isSfIdLookup":false,"isNullable":true,"isUnique":false,"isCreateable":false,"isUpdateable":true,"isFilterable":true,"isCalculated":false,"javaType":"java.lang.String","showLabel":true,"naturalOrder":31,"linkedFields":["ASSISTANTPHONE"],"relatedInfos":[],"references":[]},{"@type":"field","id":18266677,"name":"REPORTSTOID","type":"string","uniqueName":"REPORTSTOID","label":"REPORTSTOID","parentObject":"Contact","pcType":"NSTRING","precision":256,"scale":0,"columnIndex":-1,"isKey":false,"isExternalId":false,"isSfIdLookup":false,"isNullable":true,"isUnique":false,"isCreateable":false,"isUpdateable":true,"isFilterable":true,"isCalculated":false,"javaType":"java.lang.String","showLabel":true,"naturalOrder":32,"linkedFields":["REPORTSTOID"],"relatedInfos":[],"references":[]},{"@type":"field","id":18266680,"name":"EMAIL","type":"string","uniqueName":"EMAIL","label":"EMAIL","parentObject":"Contact","pcType":"NSTRING","precision":256,"scale":0,"columnIndex":-1,"isKey":false,"isExternalId":false,"isSfIdLookup":false,"isNullable":true,"isUnique":false,"isCreateable":false,"isUpdateable":true,"isFilterable":true,"isCalculated":false,"javaType":"java.lang.String","showLabel":true,"naturalOrder":33,"linkedFields":["EMAIL"],"relatedInfos":[],"references":[]},{"@type":"field","id":18266683,"name":"TITLE","type":"string","uniqueName":"TITLE","label":"TITLE","parentObject":"Contact","pcType":"NSTRING","precision":256,"scale":0,"columnIndex":-1,"isKey":false,"isExternalId":false,"isSfIdLookup":false,"isNullable":true,"isUnique":false,"isCreateable":false,"isUpdateable":true,"isFilterable":true,"isCalculated":false,"javaType":"java.lang.String","showLabel":true,"naturalOrder":34,"linkedFields":["TITLE"],"relatedInfos":[],"references":[]},{"@type":"field","id":18266686,"name":"DEPARTMENT","type":"string","uniqueName":"DEPARTMENT","label":"DEPARTMENT","parentObject":"Contact","pcType":"NSTRING","precision":256,"scale":0,"columnIndex":-1,"isKey":false,"isExternalId":false,"isSfIdLookup":false,"isNullable":true,"isUnique":false,"isCreateable":false,"isUpdateable":true,"isFilterable":true,"isCalculated":false,"javaType":"java.lang.String","showLabel":true,"naturalOrder":35,"linkedFields":["DEPARTMENT"],"relatedInfos":[],"references":[]},{"@type":"field","id":18266689,"name":"ASSISTANTNAME","type":"string","uniqueName":"ASSISTANTNAME","label":"ASSISTANTNAME","parentObject":"Contact","pcType":"NSTRING","precision":256,"scale":0,"columnIndex":-1,"isKey":false,"isExternalId":false,"isSfIdLookup":false,"isNullable":true,"isUnique":false,"isCreateable":false,"isUpdateable":true,"isFilterable":true,"isCalculated":false,"javaType":"java.lang.String","showLabel":true,"naturalOrder":36,"linkedFields":["ASSISTANTNAME"],"relatedInfos":[],"references":[]},{"@type":"field","id":18266692,"name":"LEADSOURCE","type":"string","uniqueName":"LEADSOURCE","label":"LEADSOURCE","parentObject":"Contact","pcType":"NSTRING","precision":256,"scale":0,"columnIndex":-1,"isKey":false,"isExternalId":false,"isSfIdLookup":false,"isNullable":true,"isUnique":false,"isCreateable":false,"isUpdateable":true,"isFilterable":true,"isCalculated":false,"javaType":"java.lang.String","showLabel":true,"naturalOrder":37,"linkedFields":["LEADSOURCE"],"relatedInfos":[],"references":[]},{"@type":"field","id":18266695,"name":"BIRTHDATE","type":"string","uniqueName":"BIRTHDATE","label":"BIRTHDATE","parentObject":"Contact","pcType":"NSTRING","precision":256,"scale":0,"columnIndex":-1,"isKey":false,"isExternalId":false,"isSfIdLookup":false,"isNullable":true,"isUnique":false,"isCreateable":false,"isUpdateable":true,"isFilterable":true,"isCalculated":false,"javaType":"java.lang.String","showLabel":true,"naturalOrder":38,"linkedFields":["BIRTHDATE"],"relatedInfos":[],"references":[]},{"@type":"field","id":18266698,"name":"DESCRIPTION","type":"string","uniqueName":"DESCRIPTION","label":"DESCRIPTION","parentObject":"Contact","pcType":"NSTRING","precision":256,"scale":0,"columnIndex":-1,"isKey":false,"isExternalId":false,"isSfIdLookup":false,"isNullable":true,"isUnique":false,"isCreateable":false,"isUpdateable":true,"isFilterable":true,"isCalculated":false,"javaType":"java.lang.String","showLabel":true,"naturalOrder":39,"linkedFields":["DESCRIPTION"],"relatedInfos":[],"references":[]},{"@type":"field","id":18266701,"name":"OWNERID","type":"string","uniqueName":"OWNERID","label":"OWNERID","parentObject":"Contact","pcType":"NSTRING","precision":256,"scale":0,"columnIndex":-1,"isKey":false,"isExternalId":false,"isSfIdLookup":false,"isNullable":true,"isUnique":false,"isCreateable":false,"isUpdateable":true,"isFilterable":true,"isCalculated":false,"javaType":"java.lang.String","showLabel":true,"naturalOrder":40,"linkedFields":["OWNERID"],"relatedInfos":[],"references":[]},{"@type":"field","id":18266704,"name":"CREATEDDATE","type":"string","uniqueName":"CREATEDDATE","label":"CREATEDDATE","parentObject":"Contact","pcType":"NSTRING","precision":256,"scale":0,"columnIndex":-1,"isKey":false,"isExternalId":false,"isSfIdLookup":false,"isNullable":true,"isUnique":false,"isCreateable":false,"isUpdateable":true,"isFilterable":true,"isCalculated":false,"javaType":"java.lang.String","showLabel":true,"naturalOrder":41,"linkedFields":["CREATEDDATE"],"relatedInfos":[],"references":[]},{"@type":"field","id":18266707,"name":"CREATEDBYID","type":"string","uniqueName":"CREATEDBYID","label":"CREATEDBYID","parentObject":"Contact","pcType":"NSTRING","precision":256,"scale":0,"columnIndex":-1,"isKey":false,"isExternalId":false,"isSfIdLookup":false,"isNullable":true,"isUnique":false,"isCreateable":false,"isUpdateable":true,"isFilterable":true,"isCalculated":false,"javaType":"java.lang.String","showLabel":true,"naturalOrder":42,"linkedFields":["CREATEDBYID"],"relatedInfos":[],"references":[]},{"@type":"field","id":18266710,"name":"LASTMODIFIEDDATE","type":"string","uniqueName":"LASTMODIFIEDDATE","label":"LASTMODIFIEDDATE","parentObject":"Contact","pcType":"NSTRING","precision":256,"scale":0,"columnIndex":-1,"isKey":false,"isExternalId":false,"isSfIdLookup":false,"isNullable":true,"isUnique":false,"isCreateable":false,"isUpdateable":true,"isFilterable":true,"isCalculated":false,"javaType":"java.lang.String","showLabel":true,"naturalOrder":43,"linkedFields":["LASTMODIFIEDDATE"],"relatedInfos":[],"references":[]},{"@type":"field","id":18266713,"name":"LASTMODIFIEDBYID","type":"string","uniqueName":"LASTMODIFIEDBYID","label":"LASTMODIFIEDBYID","parentObject":"Contact","pcType":"NSTRING","precision":256,"scale":0,"columnIndex":-1,"isKey":false,"isExternalId":false,"isSfIdLookup":false,"isNullable":true,"isUnique":false,"isCreateable":false,"isUpdateable":true,"isFilterable":true,"isCalculated":false,"javaType":"java.lang.String","showLabel":true,"naturalOrder":44,"linkedFields":["LASTMODIFIEDBYID"],"relatedInfos":[],"references":[]},{"@type":"field","id":18266716,"name":"SYSTEMMODSTAMP","type":"string","uniqueName":"SYSTEMMODSTAMP","label":"SYSTEMMODSTAMP","parentObject":"Contact","pcType":"NSTRING","precision":256,"scale":0,"columnIndex":-1,"isKey":false,"isExternalId":false,"isSfIdLookup":false,"isNullable":true,"isUnique":false,"isCreateable":false,"isUpdateable":true,"isFilterable":true,"isCalculated":false,"javaType":"java.lang.String","showLabel":true,"naturalOrder":45,"linkedFields":["SYSTEMMODSTAMP"],"relatedInfos":[],"references":[]},{"@type":"field","id":18266719,"name":"LASTACTIVITYDATE","type":"string","uniqueName":"LASTACTIVITYDATE","label":"LASTACTIVITYDATE","parentObject":"Contact","pcType":"NSTRING","precision":256,"scale":0,"columnIndex":-1,"isKey":false,"isExternalId":false,"isSfIdLookup":false,"isNullable":true,"isUnique":false,"isCreateable":false,"isUpdateable":true,"isFilterable":true,"isCalculated":false,"javaType":"java.lang.String","showLabel":true,"naturalOrder":46,"linkedFields":["LASTACTIVITYDATE"],"relatedInfos":[],"references":[]},{"@type":"field","id":18266722,"name":"LASTCUREQUESTDATE","type":"string","uniqueName":"LASTCUREQUESTDATE","label":"LASTCUREQUESTDATE","parentObject":"Contact","pcType":"NSTRING","precision":256,"scale":0,"columnIndex":-1,"isKey":false,"isExternalId":false,"isSfIdLookup":false,"isNullable":true,"isUnique":false,"isCreateable":false,"isUpdateable":true,"isFilterable":true,"isCalculated":false,"javaType":"java.lang.String","showLabel":true,"naturalOrder":47,"linkedFields":["LASTCUREQUESTDATE"],"relatedInfos":[],"references":[]},{"@type":"field","id":18266725,"name":"LASTCUUPDATEDATE","type":"string","uniqueName":"LASTCUUPDATEDATE","label":"LASTCUUPDATEDATE","parentObject":"Contact","pcType":"NSTRING","precision":256,"scale":0,"columnIndex":-1,"isKey":false,"isExternalId":false,"isSfIdLookup":false,"isNullable":true,"isUnique":false,"isCreateable":false,"isUpdateable":true,"isFilterable":true,"isCalculated":false,"javaType":"java.lang.String","showLabel":true,"naturalOrder":48,"linkedFields":["LASTCUUPDATEDATE"],"relatedInfos":[],"references":[]},{"@type":"field","id":18266728,"name":"LASTVIEWEDDATE","type":"string","uniqueName":"LASTVIEWEDDATE","label":"LASTVIEWEDDATE","parentObject":"Contact","pcType":"NSTRING","precision":256,"scale":0,"columnIndex":-1,"isKey":false,"isExternalId":false,"isSfIdLookup":false,"isNullable":true,"isUnique":false,"isCreateable":false,"isUpdateable":true,"isFilterable":true,"isCalculated":false,"javaType":"java.lang.String","showLabel":true,"naturalOrder":49,"linkedFields":["LASTVIEWEDDATE"],"relatedInfos":[],"references":[]},{"@type":"field","id":18266731,"name":"LASTREFERENCEDDATE","type":"string","uniqueName":"LASTREFERENCEDDATE","label":"LASTREFERENCEDDATE","parentObject":"Contact","pcType":"NSTRING","precision":256,"scale":0,"columnIndex":-1,"isKey":false,"isExternalId":false,"isSfIdLookup":false,"isNullable":true,"isUnique":false,"isCreateable":false,"isUpdateable":true,"isFilterable":true,"isCalculated":false,"javaType":"java.lang.String","showLabel":true,"naturalOrder":50,"linkedFields":["LASTREFERENCEDDATE"],"relatedInfos":[],"references":[]},{"@type":"field","id":18266734,"name":"EMAILBOUNCEDREASON","type":"string","uniqueName":"EMAILBOUNCEDREASON","label":"EMAILBOUNCEDREASON","parentObject":"Contact","pcType":"NSTRING","precision":256,"scale":0,"columnIndex":-1,"isKey":false,"isExternalId":false,"isSfIdLookup":false,"isNullable":true,"isUnique":false,"isCreateable":false,"isUpdateable":true,"isFilterable":true,"isCalculated":false,"javaType":"java.lang.String","showLabel":true,"naturalOrder":51,"linkedFields":["EMAILBOUNCEDREASON"],"relatedInfos":[],"references":[]},{"@type":"field","id":18266737,"name":"EMAILBOUNCEDDATE","type":"string","uniqueName":"EMAILBOUNCEDDATE","label":"EMAILBOUNCEDDATE","parentObject":"Contact","pcType":"NSTRING","precision":256,"scale":0,"columnIndex":-1,"isKey":false,"isExternalId":false,"isSfIdLookup":false,"isNullable":true,"isUnique":false,"isCreateable":false,"isUpdateable":true,"isFilterable":true,"isCalculated":false,"javaType":"java.lang.String","showLabel":true,"naturalOrder":52,"linkedFields":["EMAILBOUNCEDDATE"],"relatedInfos":[],"references":[]},{"@type":"field","id":18266740,"name":"ISEMAILBOUNCED","type":"string","uniqueName":"ISEMAILBOUNCED","label":"ISEMAILBOUNCED","parentObject":"Contact","pcType":"NSTRING","precision":256,"scale":0,"columnIndex":-1,"isKey":false,"isExternalId":false,"isSfIdLookup":false,"isNullable":true,"isUnique":false,"isCreateable":false,"isUpdateable":true,"isFilterable":true,"isCalculated":false,"javaType":"java.lang.String","showLabel":true,"naturalOrder":53,"linkedFields":["ISEMAILBOUNCED"],"relatedInfos":[],"references":[]},{"@type":"field","id":18266743,"name":"PHOTOURL","type":"string","uniqueName":"PHOTOURL","label":"PHOTOURL","parentObject":"Contact","pcType":"NSTRING","precision":256,"scale":0,"columnIndex":-1,"isKey":false,"isExternalId":false,"isSfIdLookup":false,"isNullable":true,"isUnique":false,"isCreateable":false,"isUpdateable":true,"isFilterable":true,"isCalculated":false,"javaType":"java.lang.String","showLabel":true,"naturalOrder":54,"linkedFields":["PHOTOURL"],"relatedInfos":[],"references":[]},{"@type":"field","id":18266746,"name":"JIGSAW","type":"string","uniqueName":"JIGSAW","label":"JIGSAW","parentObject":"Contact","pcType":"NSTRING","precision":256,"scale":0,"columnIndex":-1,"isKey":false,"isExternalId":false,"isSfIdLookup":false,"isNullable":true,"isUnique":false,"isCreateable":false,"isUpdateable":true,"isFilterable":true,"isCalculated":false,"javaType":"java.lang.String","showLabel":true,"naturalOrder":55,"linkedFields":["JIGSAW"],"relatedInfos":[],"references":[]},{"@type":"field","id":18266749,"name":"JIGSAWCONTACTID","type":"string","uniqueName":"JIGSAWCONTACTID","label":"JIGSAWCONTACTID","parentObject":"Contact","pcType":"NSTRING","precision":256,"scale":0,"columnIndex":-1,"isKey":false,"isExternalId":false,"isSfIdLookup":false,"isNullable":true,"isUnique":false,"isCreateable":false,"isUpdateable":true,"isFilterable":true,"isCalculated":false,"javaType":"java.lang.String","showLabel":true,"naturalOrder":56,"linkedFields":["JIGSAWCONTACTID"],"relatedInfos":[],"references":[]},{"@type":"field","id":18266752,"name":"LEVEL__C","type":"string","uniqueName":"LEVEL__C","label":"LEVEL__C","parentObject":"Contact","pcType":"NSTRING","precision":256,"scale":0,"columnIndex":-1,"isKey":false,"isExternalId":false,"isSfIdLookup":false,"isNullable":true,"isUnique":false,"isCreateable":false,"isUpdateable":true,"isFilterable":true,"isCalculated":false,"javaType":"java.lang.String","showLabel":true,"naturalOrder":57,"linkedFields":["LEVEL__C"],"relatedInfos":[],"references":[]},{"@type":"field","id":18266755,"name":"LANGUAGES__C","type":"string","uniqueName":"LANGUAGES__C","label":"LANGUAGES__C","parentObject":"Contact","pcType":"NSTRING","precision":256,"scale":0,"columnIndex":-1,"isKey":false,"isExternalId":false,"isSfIdLookup":false,"isNullable":true,"isUnique":false,"isCreateable":false,"isUpdateable":true,"isFilterable":true,"isCalculated":false,"javaType":"java.lang.String","showLabel":true,"naturalOrder":58,"linkedFields":["LANGUAGES__C"],"relatedInfos":[],"references":[]}],"sortFields":[],"groupFields":[]}]