{
  "name" : "IICS-CLI-2019-08-28T11:20:51Z",
  "sourceOrgId" : "5dP0RHLjU5MlEj5qVLq5qC",
  "sourceOrgName" : "John Hancock Insurance Company",
  "exportedObjects" : [ {
    "objectGuid" : "48QEGBOMqZDckVbxEg8ISR",
    "objectName" : "VBX00929KK",
    "objectType" : "AgentGroup",
    "path" : "/SYS",
    "metadata" : {
      "modelVersion" : {
        "major" : 0,
        "minor" : 0
      },
      "repoInfo" : {
        "repoHandle" : "0106X52500000000000R"
      },
      "objectRefs" : [ ],
      "contextAttributes" : [ {
        "name" : "id",
        "value" : "@1"
      } ],
      "additionalInfo" : {
        "description" : null,
        "contentType" : "JSON",
        "documentState" : "VALID"
      }
    }
  }, {
    "objectGuid" : "2podbO5Z7sGfnuxCzDWiow",
    "objectName" : "AWS_DynamoDB_Conn_KK",
    "objectType" : "Connection",
    "path" : "/SYS",
    "metadata" : {
      "modelVersion" : {
        "major" : 0,
        "minor" : 0
      },
      "repoInfo" : {
        "repoHandle" : "0106X50B00000000001E"
      },
      "objectRefs" : [ "48QEGBOMqZDckVbxEg8ISR" ],
      "contextAttributes" : [ {
        "name" : "id",
        "value" : "@1"
      } ],
      "additionalInfo" : {
        "description" : null,
        "contentType" : "JSON",
        "documentState" : "COMPLETE"
      }
    }
  }, {
    "objectGuid" : "5ZTlgTCYLspfuPPymcYZEh",
    "objectName" : "AWSDynamoDBTOSF",
    "objectType" : "DSS",
    "path" : "/Explore/Default",
    "metadata" : {
      "modelVersion" : {
        "major" : 0,
        "minor" : 0
      },
      "repoInfo" : {
        "repoHandle" : "0106X50I00000000000T"
      },
      "objectRefs" : [ "2podbO5Z7sGfnuxCzDWiow", "aAKTQRSaAX1lUB6cl5gxyv" ],
      "contextAttributes" : [ {
        "name" : "id",
        "value" : "@1"
      } ],
      "additionalInfo" : {
        "description" : "",
        "contentType" : "JSON",
        "documentState" : "VALID"
      }
    }
  }, {
    "objectGuid" : "aAKTQRSaAX1lUB6cl5gxyv",
    "objectName" : "File",
    "objectType" : "Connection",
    "path" : "/SYS",
    "metadata" : {
      "modelVersion" : {
        "major" : 0,
        "minor" : 0
      },
      "repoInfo" : {
        "repoHandle" : "0106X50B00000000001R"
      },
      "objectRefs" : [ "48QEGBOMqZDckVbxEg8ISR" ],
      "contextAttributes" : [ {
        "name" : "id",
        "value" : "@1"
      } ],
      "additionalInfo" : {
        "description" : null,
        "contentType" : "JSON",
        "documentState" : "COMPLETE"
      }
    }
  }, {
    "objectGuid" : "5bRw294XrHzdkiANUGrJow",
    "objectName" : "Default",
    "objectType" : "Project",
    "path" : "/Explore",
    "metadata" : {
      "modelVersion" : {
        "major" : 0,
        "minor" : 0
      },
      "repoInfo" : null,
      "objectRefs" : [ ],
      "contextAttributes" : [ {
        "name" : "IS_DEF_LOC",
        "value" : "true"
      } ],
      "additionalInfo" : {
        "description" : "Auto-generated Default Project",
        "contentType" : null,
        "documentState" : "COMPLETE"
      }
    }
  } ]
}